20171229,3307.17,141586832,17035676,123544,6,20171229,72.03
20171228,3296.38,175371680,20801986,160154,7.77,20171228,75.3
20171227,3275.78,162674896,19826466,88445,4.29,20171227,68.81
20171226,3306.12,142434496,17467926,38345,1.86,20171226,66.72
20171225,3280.46,146893632,17729360,40275,1.95,20171225,66.42
20171222,3297.06,124047328,15209944,41613,2.02,20171222,66.3
20171221,3300.06,142127920,17374010,45145,2.19,20171221,65.5
20171220,3287.61,137745120,16796186,34023,1.65,20171220,63.88
20171219,3296.54,115140136,15078659,28140,1.37,20171219,64.79
20171218,3267.92,120700384,14973823,57590,2.79,20171218,63.92
20171215,3266.14,130940624,16187792,63606,3.09,20171215,66.4
20171214,3292.44,120544232,15134609,77991,3.78,20171214,68.29
20171213,3303.04,111998648,14529531,40745,1.98,20171213,66.84
20171212,3280.81,124604824,16097862,58426,2.84,20171212,66.11
20171211,3322.2,131965984,17298644,106375,5.16,20171211,66.84
20171208,3289.99,133209312,16576165,66746,3.24,20171208,64.56
20171207,3272.05,132105904,16176459,44580,2.16,20171207,62.94
20171206,3293.96,151604448,17917438,67563,3.28,20171206,64.51
20171205,3303.68,208278848,24348960,78292,3.8,20171205,62.94
20171204,3309.62,148053296,18502536,86286,4.19,20171204,64.7
20171201,3317.62,139198304,17749026,74645,3.62,20171201,67.76
20171130,3317.19,156595856,19207680,68866,3.34,20171130,66.83
20171129,3337.86,183805936,21776944,99300,4.82,20171129,68.8
20171128,3333.66,138247808,16706293,107160,5.2,20171128,71.71
20171127,3322.23,166439168,20580340,98664,4.79,20171127,68.04
20171124,3353.82,159569664,20762388,95671,4.64,20171124,69.5
20171123,3351.92,215265408,27046902,110656,5.37,20171123,71.77
20171122,3430.46,213567104,27367474,153092,7.43,20171122,76.1
20171121,3410.5,196871808,26530386,155606,7.55,20171121,74.24
20171120,3392.4,176524672,22830814,160647,7.8,20171120,73.26
20171117,3382.91,249458160,31375036,94391,4.58,20171117,66.6
20171116,3399.25,156684336,22086246,92185,4.47,20171116,69.69
20171115,3402.52,168792080,23973420,100760,4.89,20171115,69.81
20171114,3429.55,196472672,26743542,85114,4.13,20171114,68.56
20171113,3447.84,205389040,26673812,110909,5.38,20171113,70.7
20171110,3432.67,189276512,25577212,96057,4.66,20171110,67.21
20171109,3427.79,158650432,20543366,89684,4.35,20171109,66.9
20171108,3415.46,185436464,24202560,74664,3.62,20171108,64.05
20171107,3413.57,190571744,24259596,76781,3.73,20171107,65.12
20171106,3388.17,154636480,20431124,71137,3.45,20171106,64.93
20171103,3371.74,172714784,20743794,73026,3.54,20171103,63.99
20171102,3383.31,166864272,21001498,40831,1.98,20171102,62.15
20171101,3395.91,180566112,23197838,65977,3.2,20171101,62.48
20171031,3393.34,153498208,19992958,50149,2.43,20171031,63.16
20171030,3390.34,208349280,25777664,69060,3.35,20171030,62.65
20171027,3416.81,170257168,21237720,33171,1.61,20171027,61.3
20171026,3407.57,183768624,23859612,42604,2.07,20171026,61.63
20171025,3396.9,123131216,16006070,24611,1.19,20171025,60.45
20171024,3388.25,139897504,17855288,30692,1.49,20171024,59.92
20171023,3380.7,130846288,16436945,25475,1.24,20171023,60.72
20171020,3378.65,127172856,15506509,32962,1.6,20171020,60.58
20171019,3370.17,158476496,18792128,34065,1.65,20171019,60.04
20171018,3381.79,157228784,19429878,36079,1.75,20171018,61
20171017,3372.04,125381728,16291083,35912,1.74,20171017,61.78
20171016,3378.47,174330608,22165068,55352,2.69,20171016,61.8
20171013,3390.52,139954752,18111846,32454,1.57,20171013,62.54
20171012,3386.1,161809376,20166788,49988,2.43,20171012,63.13
20171011,3388.28,181476704,23115450,66680,3.24,20171011,62.7
20171010,3382.99,179423840,23114862,60677,2.94,20171010,63.78
20171009,3374.38,191736048,22744060,101196,4.91,20171009,63.39
20170929,3348.94,144862448,17589282,94223,4.57,20170929,61.5
20170928,3339.64,149444304,18195562,64853,3.15,20170928,59.44
20170927,3345.27,143086944,16898134,46013,2.23,20170927,59.2
20170926,3343.58,132628592,15903964,30285,1.47,20170926,57.33
20170925,3341.55,169621296,20240170,49577,2.41,20170925,58.15
20170922,3352.53,179234000,20658346,42892,2.08,20170922,59.21
20170920,3366,192196672,22583908,99323,4.82,20170920,60
20170919,3356.84,191129680,22072874,27955,1.36,20170919,56.92
20170918,3362.86,190319680,22793864,28158,1.37,20170918,57.56
20170915,3353.62,219765824,25291068,40589,1.97,20170915,57.16
20170914,3371.43,221306496,25674442,28100,1.36,20170914,58.62
20170913,3384.15,194550720,23073342,22305,1.08,20170913,58.35
20170912,3379.49,272910304,32502494,38648,1.88,20170912,59.18
20170911,3376.42,219011008,25688882,18627,0.9,20170911,58.55
20170908,3365.24,198405184,23516022,31171,1.51,20170908,58.4
20170907,3365.5,221118688,26403702,55010,2.67,20170907,58.32
20170906,3385.39,229090768,26203466,47118,2.29,20170906,59.92
20170905,3384.32,216552944,24559660,60295,2.93,20170905,59.43
20170904,3379.58,267427840,29634842,82257,3.99,20170904,60
20170901,3367.12,282497568,31372208,33125,1.61,20170901,58.07
20170831,3360.81,234419776,26913310,27725,1.35,20170831,58.16
20170830,3363.63,246863312,27964080,28551,1.39,20170830,57.7
20170829,3365.23,219504544,26891610,27167,1.32,20170829,57.56
20170828,3362.65,257461440,30531988,45079,2.19,20170828,58.11
20170825,3331.52,205839488,22714102,28563,1.39,20170825,56.68
20170824,3271.51,163468928,18624506,19289,0.94,20170824,56.75
20170823,3287.7,179832224,20433042,31437,1.53,20170823,56.49
20170822,3290.23,186537984,22292748,49187,2.39,20170822,56.91
20170821,3286.91,186122480,20971860,49404,2.4,20170821,58.16
20170818,3268.72,191122480,21843774,45948,2.23,20170818,57.28
20170817,3268.43,203622544,22837694,92703,4.5,20170817,58
20170816,3246.45,176852048,20083254,47650,2.31,20170816,56.1
20170815,3251.26,182297984,20459586,26306,1.28,20170815,54.89
20170814,3237.36,190346800,20909608,28936,1.4,20170814,54.74
20170811,3208.54,262962992,26699826,33444,1.62,20170811,53.25
20170810,3261.75,240684624,25185404,41659,2.02,20170810,55.05
20170809,3275.57,235597904,23781512,12416,0.6,20170809,53.8
20170808,3281.87,252043536,25577018,23782,1.15,20170808,53.61
20170807,3279.46,231173392,23187438,18613,0.9,20170807,54.05
20170804,3262.08,275906336,28563476,19244,0.93,20170804,53.97
20170803,3272.93,233277008,24354954,18933,0.92,20170803,53.94
20170802,3285.06,266730624,27935234,27178,1.32,20170802,54.25
20170801,3292.64,237194592,25641994,23711,1.15,20170801,55
20170731,3273.03,246039456,25352592,32826,1.59,20170731,55.05
20170728,3253.24,182226880,19842860,23669,1.15,20170728,54
20170727,3249.78,228485936,24257208,39436,1.91,20170727,54.9
20170726,3247.67,213542016,22846052,25601,1.24,20170726,53
20170725,3243.69,205573872,21340550,27594,1.34,20170725,53.62
20170724,3250.6,233056400,25063120,33985,1.65,20170724,54.3
20170721,3237.98,206003248,22195692,44643,2.17,20170721,54.87
20170720,3244.86,232108400,24582542,63720,3.09,20170720,53.93
20170719,3230.98,272420736,26977102,28759,1.4,20170719,55.81
20170718,3187.57,190623072,19645236,22646,1.1,20170718,54.77
20170717,3176.46,266205264,27465324,57610,2.8,20170717,54.26
20170714,3222.42,160126768,17431214,26817,1.3,20170714,58.01
20170713,3218.16,195303616,21082090,47033,2.28,20170713,58.38
20170712,3197.54,186900896,20179962,36223,1.76,20170712,57.08
20170711,3203.04,187837248,20549338,29913,1.45,20170711,57.6
20170710,3212.63,198928016,22282832,53675,2.6,20170710,58.08
20170707,3217.96,176715408,20193832,30802,1.49,20170707,58.94
20170706,3212.44,175809296,20220962,48455,2.35,20170706,59
20170705,3207.13,148296480,17355400,49206,2.39,20170705,59.39
20170704,3182.8,141114960,16145456,62112,3.01,20170704,59.35
20170703,3195.91,140305712,15657578,45446,2.21,20170703,60.59
20170630,3192.43,121464544,14319560,49779,2.42,20170630,61.12
20170629,3188.06,128755464,14724979,84950,4.12,20170629,60.99
20170628,3173.2,146516720,16208110,37800,1.83,20170628,58.5
20170627,3191.2,148201200,16752379,38147,1.85,20170627,59.12
20170626,3185.44,173579200,20041930,73382,3.56,20170626,59.59
20170623,3157.87,154843648,17556852,35835,1.74,20170623,56.41
20170622,3147.45,191344000,22043844,56419,2.74,20170622,55.56
20170621,3156.21,136688272,16704822,19399,0.94,20170621,54.58
20170620,3140.01,141191808,16249802,13674,0.66,20170620,54.27
20170619,3144.37,134891760,15174179,21255,1.03,20170619,54.3
20170616,3123.17,129652760,14921548,25562,1.24,20170616,54.47
20170615,3132.49,146954240,17112452,23753,1.15,20170615,53.55
20170614,3130.67,138347040,16064124,11265,0.55,20170614,52.77
20170613,3153.74,128318280,14845787,14617,0.71,20170613,52.71
20170612,3139.88,146729424,17022328,16600,0.81,20170612,52.4
20170609,3158.4,160136336,18158488,15062,0.73,20170609,53.38
20170608,3150.33,152277664,17889430,16859,0.82,20170608,53.36
20170607,3140.32,173229008,19428794,29075,1.41,20170607,53.49
20170606,3102.13,113439960,12780462,15927,0.77,20170606,52.22
20170605,3091.66,132570296,14342980,16286,0.79,20170605,52.76
20170602,3105.54,142504928,15445434,19268,0.93,20170602,52.75
20170601,3102.62,163015728,18078262,18398,0.89,20170601,51.8
20170531,3117.18,152950432,17791332,17691,0.86,20170531,52.33
20170526,3110.06,155923488,17132738,15042,0.73,20170526,52.45
20170525,3107.83,191391840,20191012,14133,0.69,20170525,51.9
20170524,3064.08,139813360,15266921,17521,0.85,20170524,51.53
20170523,3061.95,178310592,19507366,16953,0.82,20170523,50.44
20170522,3075.68,153683728,17034098,14009,0.68,20170522,52.04
20170519,3090.63,129635224,15016423,15556,0.75,20170519,53.01
20170518,3090.14,148620032,16814952,22997,1.12,20170518,52.21
20170517,3104.44,168674160,19456058,30887,1.5,20170517,53.13
20170516,3112.96,173775568,19329210,16803,0.82,20170516,51.92
20170515,3090.23,135660736,15826960,14236,0.69,20170515,51.29
20170512,3083.51,159684096,17510724,12342,0.6,20170512,49.99
20170511,3061.5,191341888,19760406,24749,1.2,20170511,49.53
20170510,3052.78,160794448,18162414,13248,0.64,20170510,51.12
20170509,3080.53,135066672,15279591,14889,0.72,20170509,51.78
20170508,3078.61,180526896,19817168,14487,0.7,20170508,51.86
20170505,3103.04,176213648,20027390,12704,0.62,20170505,52.45
20170504,3127.37,177967488,20017084,26645,1.29,20170504,52.76
20170503,3135.35,163763920,19023660,15180,0.74,20170503,52.42
20170502,3143.71,154222960,17638992,24098,1.17,20170502,52.17
20170428,3154.66,162889904,18319576,21305,1.03,20170428,52.15
20170427,3152.19,211793088,23574832,24009,1.17,20170427,52.6
20170426,3140.85,169878112,19711288,26781,1.3,20170426,51.53
20170425,3134.57,153418304,17412926,22067,1.07,20170425,51.34
20170424,3129.53,186277440,19784526,29253,1.42,20170424,52.03
20170421,3173.15,164761744,18413144,36864,1.79,20170421,50.8
20170420,3172.1,190873984,22009824,48555,2.36,20170420,52.01
20170306,3233.87,156092160,19376918,19319,0.94,20170306,56.89
20170303,3218.31,157082368,19270792,11777,0.57,20170303,55.8
20170302,3230.03,181215072,22304396,9455,0.46,20170302,55.86
20170301,3246.93,190677552,22594096,14058,0.68,20170301,56.24
20170228,3241.73,151244320,18601928,10182,0.49,20170228,56.25
20170227,3228.66,182581056,21139572,10649,0.52,20170227,55.6
20170224,3253.43,186406352,21383904,9463,0.46,20170224,56.37
20170223,3251.38,209179792,23682258,9282,0.45,20170223,56.1
20170222,3261.22,207453776,23481532,10058,0.49,20170222,56.24
20170221,3253.33,211673072,23355118,11117,0.54,20170221,56.38
20170220,3239.96,232152112,25027614,13950,0.68,20170220,55.99
20170217,3202.08,226228176,24857276,11691,0.57,20170217,54.76
20170216,3229.62,216955952,22658760,9294,0.45,20170216,55.71
20170215,3212.99,241507696,25796524,14130,0.69,20170215,55.64
20170214,3217.93,188798096,20425382,8408,0.41,20170214,56.56
20170213,3216.84,220191504,23615876,15400,0.75,20170213,56.51
20170210,3196.7,239348928,24577216,29079,1.41,20170210,56.45
20170209,3183.18,191640336,20972316,17818,0.86,20170209,55.39
20170208,3166.98,144920192,17085412,9423,0.46,20170208,54.02
20170207,3153.09,128337440,15255909,8324,0.4,20170207,53.69
20170206,3156.98,127198280,15006769,10643,0.52,20170206,54.25
20170203,3140.17,92224736,10802366,6013,0.29,20170203,54.22
20170126,3159.17,113876776,12501320,6400,0.31,20170126,54.56
20170125,3149.55,112073832,12676583,7041,0.34,20170125,54.53
20170124,3142.55,125973880,13455385,11849,0.57,20170124,54.23
20170123,3136.77,132660384,14814573,15092,0.73,20170123,53.9
20170120,3123.14,122366784,14147181,14823,0.72,20170120,53.61
20170119,3101.3,123851416,13928047,6867,0.33,20170119,52.41
20170118,3113.01,131780128,14454673,10296,0.5,20170118,52.58
20170117,3108.77,136157856,15475756,13756,0.67,20170117,52.75
20170116,3103.43,257886000,26282604,29551,1.43,20170116,52.74
20170113,3112.76,156274224,17443854,13783,0.67,20170113,56.23
20170112,3119.29,148889248,16192230,8600,0.42,20170112,57.1
20170111,3136.75,178362224,18918646,10429,0.51,20170111,56.84
20170110,3161.67,179759200,19496322,9884,0.48,20170110,56.93
20170109,3171.24,171714080,19211058,9683,0.47,20170109,57.33
20170106,3154.32,183708960,20729604,13472,0.65,20170106,57.3
20170105,3165.41,174727632,19969202,8040,0.39,20170105,57.88
20170104,3158.79,167860848,19591428,14807,0.72,20170104,58.07
20170103,3135.92,141567184,15988715,12865,0.62,20170103,57.54
20161230,3103.64,133267128,15173278,16918,0.82,20161230,57.39
20161229,3096.1,132623288,14991919,10933,0.53,20161229,56.57
20161228,3102.24,135727088,15432965,10040,0.49,20161228,56.88
20161227,3114.66,141528928,16219392,11163,0.54,20161227,57.51
20161226,3122.57,152571888,17055560,11197,0.54,20161226,57.98
20161223,3110.15,166176768,18928118,10315,0.5,20161223,57.64
20161222,3139.56,167804992,18598156,15022,0.73,20161222,58.52
20161221,3137.43,186706624,20424782,31009,1.5,20161221,59
20161220,3102.88,157426752,17161188,12040,0.58,20161220,56.99
20161219,3118.08,154169712,17450024,15994,0.78,20161219,56.73
20161216,3122.98,164988704,18984476,13008,0.63,20161216,57.75
20161215,3117.68,189990624,21286324,15154,0.74,20161215,57.23
20161214,3140.53,201358896,21920616,14097,0.68,20161214,56.9
20161213,3155.04,185164496,20317546,22616,1.1,20161213,56.92
20161212,3152.97,274708448,29426014,34846,1.69,20161212,58.11
20161209,3232.88,204023952,22638714,22258,1.08,20161209,61.4
20161208,3215.37,170710176,19780206,12697,0.62,20161208,61.69
20161207,3222.24,169072848,18944386,15485,0.75,20161207,61.69
20161206,3199.65,157572688,17717016,20612,1,20161206,61.4
20161205,3204.71,223010384,23859802,17863,0.87,20161205,61.8
20161202,3243.84,259567200,28155910,33808,1.64,20161202,61.9
20161201,3273.31,237759856,26155394,30868,1.5,20161201,63.16
20161130,3250.03,243576048,26280874,35425,1.72,20161130,63.5
20161129,3282.92,320836288,34814936,50353,2.44,20161129,62.95
20161128,3277,281551264,30046014,38098,1.85,20161128,62.93
20161125,3261.94,233921600,25911704,31176,1.51,20161125,62.11
20161124,3241.74,232324528,26722472,21346,1.04,20161124,61.61
20161123,3241.14,249959584,27794246,34025,1.65,20161123,62.29
20161122,3248.35,261631552,29248484,59972,2.91,20161122,63.25
20161121,3218.15,230652848,26317782,20427,0.99,20161121,61.29
20161118,3192.86,209826624,23535206,23352,1.13,20161118,61.37
20161117,3208.45,214206240,22677586,30465,1.48,20161117,61.89
20161116,3205.06,221766976,24485450,43460,2.11,20161116,62.48
20161115,3206.99,240886352,26700388,22129,1.07,20161115,61.68
20161114,3210.37,329608320,34697460,25335,1.23,20161114,61.29
20161111,3196.04,310854560,34377392,29167,1.42,20161111,60.8
20161110,3171.28,244192608,28599282,23361,1.13,20161110,61.28
20161109,3128.37,241114944,27722940,39843,1.93,20161109,60.65
20161108,3147.89,190846976,22158512,21013,1.02,20161108,61.96
20161107,3133.33,179418480,21060232,17456,0.85,20161107,61.79
20161104,3125.32,197683200,23904326,21949,1.07,20161104,61.8
20161103,3128.94,222986256,26582036,21119,1.02,20161103,61.51
20161102,3102.73,182722064,22167654,19731,0.96,20161102,61.5
20161101,3122.44,160232032,19583160,23836,1.16,20161101,62.42
20161031,3100.49,151506752,17842774,17363,0.84,20161031,61.6
20161028,3104.27,181774128,21259302,22498,1.09,20161028,61.54
20161027,3112.35,158008784,18223712,15728,0.76,20161027,62
20161026,3116.31,191663264,21576772,19726,0.96,20161026,62.42
20161025,3131.94,203380896,22086146,15030,0.73,20161025,63.18
20161024,3128.25,240522336,25035440,19884,0.96,20161024,63.22
20161021,3090.94,187388064,20195366,22751,1.1,20161021,62.75
20161020,3084.46,160691360,17767454,20081,0.97,20161020,63.25
20161019,3084.72,182470144,19748114,31301,1.52,20161019,63.4
20161018,3083.88,182042464,19603614,25043,1.22,20161018,64.24
20161017,3041.17,163733264,18059408,40871,1.98,20161017,63.75
20161014,3063.81,155373696,16379299,11278,0.55,20161014,63.27
20161013,3061.35,154756720,16633587,21024,1.02,20161013,63.12
20161012,3058.5,142493568,15998296,19974,0.97,20161012,63.95
20161011,3065.25,167273488,18378766,22828,1.11,20161011,63.89
20161010,3048.14,160051104,17552180,40142,1.95,20161010,64.43
20160930,3004.7,101333568,11279454,19722,0.96,20160930,62.7
20160929,2998.48,113213920,12272857,33932,1.65,20160929,63.2
20160928,2987.86,104625696,11643738,19481,0.95,20160928,62.05
20160927,2998.17,121701448,13337271,19642,0.95,20160927,62.08
20160926,2980.43,144330288,16225724,16631,0.81,20160926,60.83
20160923,3033.9,125590976,14737773,24297,1.18,20160923,62.01
20160922,3042.31,139309552,15903107,16641,0.81,20160922,61.11
20160921,3025.87,115721216,13413373,10166,0.49,20160921,61.2
20160920,3023,118924112,13966230,12341,0.6,20160920,61.16
20160919,3026.05,119225024,13316882,16100,0.78,20160919,60.94
20160914,3002.85,133413400,14814898,19056,0.92,20160914,60.7
20160912,3021.98,206012096,22184656,45054,2.19,20160912,60.8
20160909,3078.85,160692928,18205624,46006,2.23,20160909,64.16
20160908,3095.95,145883776,16594448,18997,0.92,20160908,63.49
20160907,3091.93,186956752,20716212,21764,1.06,20160907,63.23
20160906,3090.71,172908528,19305774,25124,1.22,20160906,63.18
20160905,3072.1,144963312,16124368,19741,0.96,20160905,62.18
20160902,3067.35,150446912,17059214,22093,1.07,20160902,62.53
20160901,3063.31,155191088,17709330,18419,0.89,20160901,63.1
20160831,3085.49,141368608,16898612,31791,1.54,20160831,63.23
20160830,3074.68,140434816,16387883,18086,0.88,20160830,64.48
20160829,3070.03,144500016,16639735,20850,1.01,20160829,64.45
20160826,3070.31,149663904,17630950,16327,0.79,20160826,63.27
20160825,3068.33,174032976,20085974,29288,1.42,20160825,63.08
20160824,3085.88,145707440,16836252,22997,1.12,20160824,64.11
20160823,3089.71,161368960,17918348,17247,0.84,20160823,64.5
20160822,3084.81,185387936,20763888,20603,1,20160822,64.49
20160819,3108.1,194347456,21205096,25467,1.24,20160819,65.07
20160818,3104.11,229359088,25696968,35734,1.73,20160818,65.7
20160817,3109.55,213839648,24340526,37362,1.81,20160817,66.89
20160816,3110.04,278328928,30854486,49482,2.4,20160816,66.22
20160815,3125.2,297616512,32799114,67740,3.29,20160815,66.72
20160812,3050.67,168173664,17930490,33019,1.6,20160812,64.29
20160811,3002.64,161879488,17986152,32242,1.56,20160811,63.08
20160810,3018.75,164675168,18452518,39103,1.9,20160810,64.26
20160809,3025.68,169995456,18771686,46743,2.27,20160809,65.63
20160808,3004.28,155729840,17208966,31805,1.54,20160808,63.88
20160805,2976.7,141857104,16179598,40054,1.94,20160805,62.9
20160804,2982.43,133933304,15330797,44426,2.16,20160804,64.83
20160803,2978.46,141141328,15908826,52018,2.52,20160803,64.65
20160802,2971.28,115468904,12926688,37470,1.82,20160802,63.47
20160801,2953.39,147407760,16237268,65453,3.18,20160801,63.28
20160729,2979.34,150101536,17019856,56606,2.75,20160729,66.65
20160728,2994.32,190564944,21762700,77332,3.75,20160728,65.58
20160727,2992,280160896,31681138,124277,6.03,20160727,67.56
20160726,3050.17,156694512,18547446,83879,4.07,20160726,69.28
20160725,3015.83,144206576,17542200,100229,4.86,20160725,69.6
20160722,3012.82,162010176,19751734,147458,7.16,20160722,68.81
20160721,3039.01,163767360,20027846,252609,12.26,20160721,69.05
20160720,3027.9,138242816,17147292,109701,5.32,20160720,62.77
20160719,3036.6,155361472,18720672,25173,1.22,20160719,60.8
20160718,3043.56,177496560,20666772,28489,1.38,20160718,60.18
20160715,3054.3,172866400,20284056,49314,2.39,20160715,60.78
20160714,3054.02,180194800,20893902,44452,2.16,20160714,61.9
20160713,3060.69,253659376,27935088,59418,2.88,20160713,61.8
20160712,3049.38,259486288,28865676,42519,2.06,20160712,61
20160711,2994.92,224338224,27191650,44543,2.16,20160711,60.02
20160708,2988.09,168986864,20967266,25781,1.25,20160708,59.9
20160707,3016.85,222681664,27019712,32787,1.59,20160707,59.82
20160706,3017.29,212370928,24649784,28598,1.39,20160706,60.4
20160705,3006.39,235204448,27041802,38376,1.86,20160705,60.6
20160704,2988.6,222017120,25315036,39707,1.93,20160704,61.26
20160701,2932.48,141246224,17300620,31520,1.53,20160701,60.35
20160630,2929.61,154464928,18745980,41647,2.02,20160630,60.88
20160629,2931.59,193215584,22340636,73267,3.56,20160629,61.86
20160628,2912.56,173871040,21107930,44956,2.18,20160628,60.4
20160627,2895.7,156697472,18985472,52960,2.57,20160627,60.11
20160624,2854.29,190842608,21491344,42977,2.09,20160624,57.85
20160623,2891.96,136137376,16368027,31950,1.55,20160623,59.49
20160622,2905.55,130590424,15633939,27201,1.32,20160622,59.6
20160621,2878.56,164359088,19820192,41338,2.01,20160621,58.07
20160620,2888.81,136571056,16373444,30341,1.47,20160620,58.7
20160617,2885.1,171472512,19543250,29855,1.45,20160617,58.1
20160616,2872.82,173882752,20195716,32257,1.57,20160616,57.44
20160615,2887.21,166671072,19719934,37805,1.83,20160615,58.43
20160614,2842.19,119755272,13853175,29777,1.44,20160614,56.39
20160613,2833.07,169255440,19854776,47819,2.32,20160613,57.51
20160608,2927.16,143046080,17737732,58660,2.85,20160608,61.6
20160607,2936.04,132987864,16360561,38058,1.85,20160607,60.07
20160606,2934.1,141993744,17242678,42361,2.06,20160606,59.97
20160603,2938.68,172021024,21130248,57374,2.78,20160603,60.86
20160602,2925.23,159716912,18508490,37263,1.81,20160602,60.92
20160601,2913.51,188386432,21986806,54288,2.63,20160601,60.76
20160531,2916.62,215260352,23652850,76057,3.69,20160531,61.45
20160530,2822.45,106319584,11558748,62244,3.02,20160530,58.81
20160527,2821.05,109845824,12385886,22079,1.07,20160527,57.47
20160526,2822.44,114766800,12710518,27735,1.35,20160526,57.51
20160525,2815.09,103527264,11776763,29626,1.44,20160525,57.09
20160524,2821.67,111452448,12109606,29431,1.43,20160524,58.2
20160523,2843.65,120470456,13995036,54409,2.64,20160523,59.3
20160520,2825.48,108700896,12379460,44895,2.18,20160520,56.91
20160519,2806.91,111595072,12415105,29646,1.44,20160519,55.3
20160518,2807.51,140487824,14939682,26160,1.27,20160518,54.82
20160517,2843.68,123369064,14000100,41901,2.03,20160517,56.09
20160516,2850.86,114653592,12684430,26991,1.31,20160516,54.6
20160513,2827.11,114319712,12369265,20761,1.01,20160513,53.88
20160512,2835.86,136337648,14083863,38593,1.87,20160512,54.73
20160511,2837.04,135795472,14602251,23370,1.13,20160511,54
20160510,2832.59,120829304,12853527,32808,1.59,20160510,54.67
20160509,2832.11,180378336,18870568,44981,2.18,20160509,54.97
20160506,2913.25,206796496,23407744,63005,3.06,20160506,57.94
20160505,2997.84,144831392,16311378,47646,2.31,20160505,61.35
20160504,2991.27,165407104,18904638,41238,2,20160504,60.5
20160503,2992.64,168703648,19581660,57522,2.79,20160503,61.25
20160429,2938.32,109310624,12850273,36626,1.78,20160429,60.64
20160428,2945.59,138663264,15461469,65122,3.16,20160428,61.86
20160427,2953.67,130867640,15028630,27070,1.31,20160427,58.66
20160426,2964.7,117711608,13429246,30216,1.47,20160426,58.97
20160425,2946.67,125856248,14063875,30583,1.48,20160425,58.8
20160422,2959.24,137211664,14880044,32999,1.6,20160422,58.21
20160421,2952.89,189406848,20647714,49662,2.41,20160421,57.74
20160420,2972.58,283144224,31115486,76193,3.7,20160420,59.03
20160419,3042.82,156533200,18094800,40432,1.96,20160419,63.25
20160418,3033.66,183304512,20861308,55062,2.67,20160418,62.69
20160415,3078.12,189613056,22414132,56179,2.73,20160415,64.95
20160414,3082.36,208237840,23505606,67688,3.28,20160414,65.78
20160413,3066.64,310003232,33142070,104254,5.06,20160413,64.8
20160412,3023.65,182718672,20707980,49085,2.38,20160412,63.47
20160411,3033.96,220018320,25232840,72941,3.54,20160411,63.5
20160408,2984.96,187904640,20733710,48754,2.37,20160408,62
20160407,3008.42,220919504,24396180,67581,3.28,20160407,63.01
20160406,3050.59,232262048,25491456,79711,3.87,20160406,65.24
20160405,3053.07,256730336,27665468,73076,3.55,20160405,64.35
20160401,3009.53,206545856,21752054,60362,2.93,20160401,61.97
20160331,3003.92,220413440,25221976,68783,3.34,20160331,63.8
20160330,3000.65,210371456,23441062,60671,2.94,20160330,64.19
20160329,2919.83,182965344,20162582,58576,2.84,20160329,61
20160328,2957.82,202021232,23232372,61998,3.01,20160328,62.89
20160325,2979.43,175074352,20081844,75326,3.66,20160325,64.38
20160324,2960.97,237006400,27479512,125730,6.1,20160324,66.06
20160323,3009.96,216977472,25632816,65162,3.16,20160323,66.69
20160322,2999.36,270377344,31102530,92366,4.48,20160322,66
20160321,3018.8,352400416,38082308,119367,5.79,20160321,65.63
20160318,2955.15,313332736,32824116,117844,5.72,20160318,63.31
20160317,2904.83,200290224,21384364,80178,3.89,20160317,57.55
20160316,2870.43,186492544,19019386,50099,2.43,20160316,54.75
20160315,2864.37,163386672,17021952,51362,2.49,20160315,55.84
20160314,2859.5,194816016,20279314,77100,3.74,20160314,56.95
20160311,2810.31,127247552,12845031,32220,1.56,20160311,53
20160310,2804.73,138979456,14181242,42632,2.07,20160310,53.74
20160309,2862.56,183355392,17707256,38074,1.85,20160309,53.98
20160308,2901.39,233482672,22051396,68709,3.33,20160308,55.57
20160307,2897.34,217466832,20855932,62309,3.02,20160307,54.51
20160304,2874.15,312495168,29498212,67188,3.26,20160304,53.42
20160303,2859.76,287478208,27997192,92855,4.51,20160303,56.73
20160302,2849.68,270961792,25931876,107520,5.22,20160302,57.5
20160301,2733.17,187207440,18218554,106248,5.16,20160301,53.5
20160229,2687.98,207410704,19464020,70343,3.41,20160229,55.21
20160226,2767.21,191110464,19006898,52001,2.52,20160226,61.25
20160225,2741.25,270284416,27176714,79654,3.87,20160225,61.28
20160224,2928.9,213410384,22785164,110740,5.37,20160224,66.52
20160223,2903.33,199740656,21154894,54939,2.67,20160223,70.6
20160222,2927.18,232176048,23868282,47382,2.3,20160222,71.25
20160219,2860.02,163391424,17842484,44843,2.18,20160219,70
20160218,2862.89,219203872,23077504,67967,3.3,20160218,70.74
20160217,2867.34,216909920,22596424,57925,2.81,20160217,70.77
20160216,2836.57,195961616,19896914,67307,3.27,20160216,70.86
20160215,2746.2,129263936,12932106,35853,1.74,20160215,66.14
20160205,2763.49,141186288,14555364,42114,2.04,20160205,66.8
20160204,2781.02,170382016,17534738,67598,3.28,20160204,67.68
20160203,2739.25,148397216,14662712,50027,2.43,20160203,64.43
20160202,2749.57,158078208,15893681,65907,3.2,20160202,64.99
20160201,2688.85,156383744,15283074,80254,3.89,20160201,62.5
20160129,2737.6,186673104,18000682,46339,2.25,20160129,67.56
20160128,2655.66,171120288,16735742,60844,2.95,20160128,64.75
20160127,2735.56,215722048,20742668,79006,3.83,20160127,70.5
20160126,2749.79,210836048,21260816,106543,5.17,20160126,69.42
20160125,2938.51,153039056,16402340,65901,3.2,20160125,76.6
20160122,2916.56,159810736,17006224,60078,2.92,20160122,69.64
20160121,2880.48,191675664,20363458,48925,2.37,20160121,66.5
20160120,2976.69,216505472,23456292,48974,2.38,20160120,71.35
20160119,3007.74,205279696,22267480,73760,3.58,20160119,73
20160118,2913.84,164699696,17361998,77375,3.75,20160118,70.08
20160115,2900.97,198721696,20660398,86902,4.22,20160115,67.5
20160114,3007.65,212905632,21801366,77702,3.77,20160114,67.3
20160113,2949.6,194282112,20837604,73355,3.56,20160113,63.19
20160112,3022.86,207659616,22413544,65544,3.18,20160112,70.21
20160111,3016.7,271643680,28637964,97615,4.74,20160111,68.67
20160108,3186.41,286440832,32416714,82903,4.02,20160108,76.3
20160107,3125,70569120,7998198.5,15883,0.77,20160107,78.91
20160106,3361.84,238886672,28524322,53291,2.59,20160106,87.68
20160105,3287.71,266882096,32841722,78454,3.81,20160105,87.9
20160104,3296.26,184418432,24092916,81743,3.97,20160104,88.54
20151231,3539.18,176963664,25403106,69065,3.35,20151231,98.38
20151230,3572.88,187889600,26778766,62616,3.04,20151230,103.9
20151229,3563.74,182551920,25093890,96646,4.69,20151229,104.05
20151228,3533.78,269983264,36904280,128288,6.23,20151228,101.8
20151225,3627.91,198451120,27466004,33316,1.62,20151225,97.98
20151224,3612.49,227785216,31542126,35950,1.74,20151224,97.15
20151223,3636.09,298201792,41990292,66441,3.22,20151223,96.5
20151222,3651.77,261178752,36084604,64281,3.12,20151222,100
20151221,3642.47,299849280,39831696,39861,1.93,20151221,98.09
20151218,3578.96,273707904,36538580,71547,3.47,20151218,98.68
20151217,3580,283856480,38143960,103250,5.01,20151217,102.8
20151216,3516.19,193482304,26528864,64118,3.11,20151216,96.5
20151215,3510.35,200471344,27627494,62208,3.02,20151215,97.45
20151214,3520.67,215374624,27921354,54292,2.63,20151214,98.23
20151211,3434.58,182908880,24507642,38316,1.86,20151211,96.1
20151210,3455.5,200427520,27949970,46986,2.28,20151210,95.99
20151209,3472.44,195698848,26785488,74014,3.59,20151209,97.27
20151208,3470.07,224367312,29782174,59291,2.88,20151208,103.45
20151207,3536.93,208302576,28056158,41711,2.02,20151207,102.78
20151204,3524.99,251736416,31976682,74373,3.61,20151204,102.78
20151203,3584.82,281111232,33885908,98258,4.77,20151203,103.5
20151202,3536.91,301491488,36918304,61159,2.97,20151202,98
20151201,3456.31,252390752,33025674,70216,3.41,20151201,96.05
20151130,3445.4,304197888,38750364,80332,3.9,20151130,99.25
20151127,3436.3,354287520,46431124,87292,4.24,20151127,100.88
20151126,3635.55,306761600,42624744,98678,4.79,20151126,108
20151125,3647.93,273024864,38080292,68101,3.3,20151125,110.91
20151124,3616.11,248810512,32775852,74002,3.59,20151124,110.1
20151123,3610.31,315997472,41414824,109727,5.32,20151123,112.59
20151120,3630.5,310801984,41391088,118563,5.75,20151120,116
20151119,3617.06,247915584,32844260,76976,3.74,20151119,105.45
20151118,3568.47,297580736,39233876,69245,3.36,20151118,102.39
20151117,3604.8,383575456,52152036,113088,5.49,20151117,103.56
20151116,3606.96,276187040,36942184,100556,4.88,20151116,110
20151113,3580.84,345870944,46866864,146286,7.1,20151113,105.05
20151112,3632.9,361717600,48283260,119862,5.82,20151112,113.48
20151111,3650.25,360972672,46782220,123795,6.01,20151111,114.5
20151110,3640.49,429746592,56005512,127364,6.18,20151110,118.78
20151109,3646.88,503016704,63618404,137037,6.65,20151109,117.45
20151106,3590.03,429167040,54328220,183523,8.91,20151106,120
20151105,3522.82,553254976,67867464,220150,10.68,20151105,110.66
20151104,3459.64,339078752,42610440,153180,7.43,20151104,100.6
20151103,3316.7,192897440,24436056,164754,7.99,20151103,98.9
20151102,3325.08,230951136,28601932,147582,7.16,20151102,92
20151030,3382.56,243595120,30726678,150604,7.31,20151030,92.3
20151029,3387.32,235676016,29450842,303447,14.73,20151029,96.8
20151028,3375.2,293523296,36165620,6226,0.3,20151028,92.87
20151027,3434.34,328172768,40888724,850,0.04,20151027,84.43
20151026,3429.58,365560864,45394252,582,0.03,20151026,76.75
20150928,3100.76,156727536,16642240,110424,5.36,20150928,69.77
20150925,3092.35,236263872,24897112,128606,6.24,20150925,63.94
20150924,3142.69,212887712,23136904,159662,7.75,20150924,70.07
20150923,3115.89,236322672,25756004,116858,5.67,20150923,63.7
20150922,3185.62,274786176,30507132,87493,4.25,20150922,61.95
20150921,3156.54,239897360,25979668,95612,4.64,20150921,63.18
20150918,3097.92,209175392,21844244,102920,4.99,20150918,60.98
20150917,3086.06,317602912,33739328,155083,7.53,20150917,58.69
20150916,3152.26,277524512,28199226,76222,3.7,20150916,55.62
20150915,3005.17,249194448,24390460,76912,3.73,20150915,50.56
20150914,3114.8,346631168,37357680,110476,5.36,20150914,52.8
20150911,3200.23,224557808,25276946,93484,4.54,20150911,58
20150910,3197.89,273261760,29958108,65906,3.2,20150910,56.23
20150909,3243.09,375328000,41299144,122734,5.96,20150909,57.94
20150908,3170.45,255415456,26391038,92701,4.5,20150908,55.6
20150907,3080.42,296468096,30268972,110754,5.37,20150907,52.3
20150902,3160.17,438170176,42326236,103283,5.01,20150902,48.9
20150901,3166.62,432432448,42041164,78392,3.8,20150901,51.14
20150831,3205.99,397431392,43106860,82171,3.99,20150831,56.03
20150828,3232.35,443136928,47463100,145720,7.07,20150828,60.1
20150827,3083.59,400308384,40428928,130372,6.33,20150827,56.08
20150826,2927.29,466699680,46178896,116804,5.67,20150826,50.98
20150825,2964.97,352325088,35873576,97183,4.72,20150825,52.73
20150824,3209.91,334671776,35881888,57904,2.81,20150824,58.59
20150821,3507.74,369920480,45061648,88379,4.29,20150821,65.1
20150820,3664.29,390063072,50119500,110409,5.36,20150820,69.58
20150819,3794.11,475396224,59951332,100881,4.9,20150819,71.32
20150818,3748.16,543770816,72246720,115516,5.61,20150818,69.86
20150817,3993.67,460432064,62632768,73796,3.58,20150817,77.62
20150814,3965.33,467988224,64746644,107740,5.23,20150814,78.2
20150813,3954.56,430073280,57868552,78796,3.82,20150813,75.49
20150812,3886.32,442688256,59705028,73905,3.59,20150812,73.81
20150811,3927.91,538923456,71228992,88687,4.3,20150811,77.42
20150810,3928.42,497304320,65262204,123319,5.98,20150810,78.98
20150807,3744.2,340757184,44548504,116119,5.63,20150807,75.5
20150806,3661.54,274074656,35751512,109763,5.33,20150806,72.4
20150805,3694.57,366423008,48385028,119228,5.79,20150805,69.9
20150804,3756.54,362901664,46403624,87874,4.26,20150804,68.84
20150803,3622.91,363968704,44599160,81167,3.94,20150803,62.58
20150731,3663.73,350955712,46047224,97538,4.73,20150731,63.65
20150730,3705.77,457943232,61597792,135488,6.57,20150730,67.1
20150729,3789.17,434352096,55749196,127162,6.17,20150729,70
20150728,3663,563330048,68505752,170297,8.26,20150728,68.2
20150727,3725.56,556003264,72129808,122766,5.96,20150727,75.78
20150724,4070.91,627424896,84302208,117479,5.7,20150724,84.2
20150723,4123.92,563585984,74353184,123467,5.99,20150723,88.09
20150722,4026.04,520732224,67883192,100216,4.86,20150722,85.5
20150721,4017.67,504288000,64641684,89946,4.36,20150721,83.08
20150720,3992.11,539106688,68825560,161804,7.85,20150720,84.28
20150717,3957.35,481726272,59306700,199629,9.69,20150717,84.6
20150716,3823.18,492256224,56985892,200656,9.74,20150716,80.45
20150715,3805.7,601301312,70053656,207136,10.05,20150715,75
20150714,3924.49,670558784,83007464,258255,12.53,20150714,82.86
20150713,3970.39,643489024,78243056,144281,7,20150713,75.33
20150710,3877.8,586364288,68043416,45909,2.23,20150710,68.48
20150709,3709.33,656914624,67331096,199618,9.69,20150709,62.25
20150708,3507.19,680356928,70024832,30885,1.5,20150708,56.69
20150707,3727.12,698818752,77607256,90837,4.41,20150707,62.99
20150706,3775.91,831139264,94342040,307874,14.94,20150706,69.99
20150703,3686.92,548163072,64805412,192626,9.35,20150703,67.71
20150702,3912.77,586015616,73600680,162513,7.89,20150702,73.3
20150701,4053.7,598769408,83807088,223080,10.83,20150701,81.44
20150630,4277.22,709176576,94152464,167636,8.13,20150630,90.49
20150629,4053.03,673786368,90427136,188370,9.14,20150629,82.26
20150626,4192.87,565217920,78783568,118730,5.76,20150626,91.4
20150625,4527.78,572797568,86537976,129099,6.26,20150625,101.55
20150624,4690.15,543003712,81506272,154905,7.52,20150624,107
20150623,4576.49,473526112,69361720,185438,9,20150623,105.79
20150619,4478.36,452689632,68545816,159841,7.76,20150619,117.54
20150618,4785.36,507440896,78584504,242261,11.76,20150618,130.6
20150617,4967.9,537101120,83026672,343011,16.64,20150617,130
20150616,4887.43,550801408,89542056,357883,17.37,20150616,133.82
20150615,5062.99,637803968,106499200,16771,0.81,20150615,121.65
20150612,5166.35,625627904,106016744,1376,0.07,20150612,110.59
20150611,5121.59,563990528,97467056,2352,0.11,20150611,100.54
20150610,5106.04,596969024,100642824,2427,0.12,20150610,91.4
20150609,5113.53,729893824,115080864,4103,0.2,20150609,83.09
20150608,5131.88,855035072,130992456,1211,0.06,20150608,75.54
20150605,5023.1,772240832,123230064,1074,0.05,20150605,68.67
20150604,4947.1,674952384,105227024,876,0.04,20150604,62.43
20150603,4909.98,611453824,101018000,438,0.02,20150603,56.75
20150602,4910.53,623748096,99874576,179,0.01,20150602,51.59
20150601,4828.74,593389056,93445544,343,0.02,20150601,46.9
20150529,4611.74,611262400,95536560,783,0.04,20150529,42.64
20150528,4620.27,782964544,124792600,1313,0.06,20150528,38.76
20150527,4941.71,681165376,111626184,374,0.02,20150527,35.24
20150526,4910.9,704892864,113850936,542,0.03,20150526,32.04
20141219,3108.6,521073504,51558028,117107,5.68,20141219,29.13
20141218,3057.52,435904960,46652452,222348,10.79,20141218,30.75
20141217,3061.02,542503168,58033860,41331,2.01,20141217,28.33
20141216,3021.52,453842752,49271620,44005,2.14,20141216,28.84
20141215,2953.42,400371712,41148716,52297,2.54,20141215,29.4
20141212,2938.17,409480800,42041028,55164,2.68,20141212,28.95
20141211,2925.74,482632736,47980144,44517,2.16,20141211,28.48
20141210,2940.01,512886912,53498996,44429,2.16,20141210,28.15
20141209,2856.27,771998336,79336128,82652,4.01,20141209,27.56
20141208,3020.26,587570880,59347804,63744,3.09,20141208,28.6
20141205,2937.65,640500288,63919104,86172,4.18,20141205,28.75
20141204,2899.46,532687712,50921860,78197,3.79,20141204,30.07
20141203,2779.52,562120320,52977744,74113,3.6,20141203,29.88
20141202,2763.54,437733376,39723892,77181,3.75,20141202,29.62
20141201,2680.16,446791712,40112020,51321,2.49,20141201,28.47
20141128,2682.83,465880032,40195116,59317,2.88,20141128,29.34
20141127,2630.49,364075712,33896084,47474,2.3,20141127,29.88
20141126,2604.34,337127232,31652126,49145,2.38,20141126,29.7
20141125,2567.6,314315584,28216878,59196,2.87,20141125,30
20141124,2532.88,363485824,33029142,58143,2.82,20141124,29.49
20141121,2486.79,212239776,19780980,39281,1.91,20141121,28.99
20141120,2452.66,165495216,15079991,44260,2.15,20141120,28.93
20141119,2450.99,186235776,16706937,69617,3.38,20141119,28.94
20141118,2456.37,201062560,17465948,30234,1.47,20141118,28.2
20141117,2474.01,215687808,19926492,73385,3.56,20141117,28.38
20141114,2478.82,220607616,19192500,41858,2.03,20141114,28.78
20141113,2485.61,295037056,25831192,35958,1.74,20141113,28.14
20141112,2494.48,252933856,21573862,46513,2.26,20141112,28.82
20141111,2469.67,411904096,33125738,67126,3.26,20141111,28.04
20141110,2473.67,300628192,24523368,56487,2.74,20141110,29.52
20141107,2418.17,291172256,24415756,56934,2.76,20141107,30.31
20141106,2425.86,222005088,17964436,32596,1.58,20141106,30.93
20141105,2419.25,263606656,20185942,36208,1.76,20141105,30.69
20141104,2430.68,309013024,22650388,50314,2.44,20141104,31.18
20141103,2430.03,298821248,22719658,75171,3.65,20141103,31.8
20141031,2420.18,325763520,24991544,38687,1.88,20141031,30.7
20141030,2391.08,294645952,22661118,53611,2.6,20141030,30.41
20141029,2373.03,265588688,22506708,64427,3.13,20141029,31.09
20141028,2337.87,178590352,15814795,42079,2.04,20141028,31.12
20141027,2290.44,130261568,11337998,28360,1.38,20141027,30.4
20141024,2302.28,132225280,11433070,29984,1.46,20141024,29.75
20141023,2302.42,162636304,14059651,42786,2.08,20141023,29.55
20141022,2326.55,152698432,13852454,43027,2.09,20141022,30.2
20141021,2339.66,168828288,14678632,37645,1.83,20141021,30.9
20141020,2356.73,160022304,14182026,43552,2.11,20141020,31.28
20141017,2341.18,212300960,17943316,56103,2.72,20141017,30.35
20141016,2356.5,248201168,20380588,53124,2.58,20141016,31.25
20141015,2373.67,202804928,17176674,39119,1.9,20141015,31.5
20141014,2359.48,196831424,17016008,39587,1.92,20141014,31.22
20141013,2366.01,200899312,17542508,57230,2.78,20141013,31.5
20141010,2374.54,224671136,19224824,56384,2.74,20141010,32
20141009,2389.37,235920016,20027176,70079,3.4,20141009,32.46
20141008,2382.79,204397328,18033758,87696,4.26,20141008,33.02
20140930,2363.87,193918688,16693343,84260,4.09,20140930,32.25
20140929,2357.71,200111024,17113088,144484,7.01,20140929,32.05
20140926,2347.72,174748288,14822081,190108,9.23,20140926,32.91
20140925,2345.1,225688336,18926038,107384,5.21,20140925,33.61
20140924,2343.57,222525728,18569066,74273,3.6,20140924,30.55
20140923,2309.72,156855168,13539686,45871,2.23,20140923,29.2
20140922,2289.87,175842352,14784174,56953,2.76,20140922,28.63
20140919,2329.45,174648480,14434545,51782,2.51,20140919,29.37
20140918,2315.93,189089056,14451853,43286,2.1,20140918,29.36
20140917,2307.89,210842464,15912178,44980,2.18,20140917,29.78
20140916,2296.55,302694112,23765924,90746,4.4,20140916,29.51
20140915,2339.14,215112416,18539362,58363,2.83,20140915,31.25
20140912,2331.95,193471552,16210290,76700,3.72,20140912,31.25
20140911,2311.68,222221808,19723266,80307,3.9,20140911,30.7
20140910,2318.3,189828992,16345452,79056,3.84,20140910,31.25
20140909,2326.53,196990320,17290850,69234,3.36,20140909,30.96
20140905,2326.43,213181904,18583982,73596,3.57,20140905,30.54
20140904,2306.86,199489984,17938590,68389,3.32,20140904,30.9
20140903,2288.63,212478992,18755838,118829,5.77,20140903,31.13
20140902,2266.05,192124864,17093178,141662,6.87,20140902,30.48
20140901,2235.51,129166584,11721590,83844,4.07,20140901,29.68
20140829,2217.2,105202496,9304388,55410,2.69,20140829,28.7
20140828,2195.82,124229016,10926662,56613,2.75,20140828,28.59
20140827,2209.47,120885880,10409041,61091,2.96,20140827,29.03
20140826,2207.11,163507424,13412307,52954,2.57,20140826,28.3
20140825,2229.27,162119584,13445023,84598,4.11,20140825,28.99
20140822,2240.81,160111664,14035303,115048,5.58,20140822,29.93
20140821,2230.46,165733504,14087963,108480,5.26,20140821,29.43
20140820,2240.21,167658384,13962805,87298,4.24,20140820,28.89
20140819,2245.33,177744592,15544548,133253,6.47,20140819,28.89
20140818,2239.47,163928624,14149285,78865,3.83,20140818,27.99
20140815,2226.73,149978688,12940691,70094,3.4,20140815,27.81
20140814,2206.47,170149120,14170666,67955,3.3,20140814,27.6
20140813,2222.88,178062800,14649079,76748,3.72,20140813,27.88
20140812,2221.59,154799040,13239398,130950,6.35,20140812,28.31
20140811,2224.65,150583424,12609684,73536,3.57,20140811,27.65
20140808,2194.43,135181440,10972899,108883,5.28,20140808,27.53
20140807,2187.67,175233264,13730647,61485,2.98,20140807,26.57
20140806,2217.47,177711696,14036286,70773,3.43,20140806,27.28
20140805,2219.95,175386992,14147453,82990,4.03,20140805,27.27
20140804,2223.33,174097408,14008882,143846,6.98,20140804,27.38
20140801,2185.3,191475040,15188402,56920,2.76,20140801,25.57
20140731,2201.56,164691648,13243845,101597,4.93,20140731,26.17
20140730,2181.24,184922192,14956655,70378,3.42,20140730,25.61
20140729,2183.19,200264256,15928250,53774,2.61,20140729,25.08
20140728,2177.95,236185744,18041444,70689,3.43,20140728,25.07
20140725,2126.61,142495824,11141158,44190,2.14,20140725,24.45
20140724,2105.06,165676992,12867799,54641,2.65,20140724,24.32
20140723,2078.49,137292208,10670213,65012,3.15,20140723,23.83
20140722,2075.48,123191872,9870243,41305,2,20140722,25.2
20140721,2054.48,93857872,7570618,41422,2.01,20140721,24.61
20140718,2059.07,106641088,8251026.5,47257,2.29,20140718,24.96
20140717,2055.59,104491816,7910627.5,41731,2.03,20140717,25.43
20140716,2067.28,137128016,10202980,84111,4.08,20140716,25.21
20140715,2070.36,124488768,10289391,84087,4.08,20140715,26.37
20140714,2066.65,115119736,9635702,73949,3.59,20140714,27.19
20140711,2046.96,105088080,8625372,70518,3.42,20140711,26.38
20140710,2038.34,97943816,8474863,73149,3.55,20140710,26.81
20140709,2038.61,113305848,9718349,108327,5.26,20140709,27.18
20140708,2064.02,95053392,8158444.5,126868,6.16,20140708,27.65
20140707,2059.93,97168752,8147131.5,92625,4.49,20140707,26.88
20140704,2059.38,105008792,8359643.5,167777,8.14,20140704,26.73
20140703,2063.23,122926584,9618247,82981,4.03,20140703,25.76
20140702,2059.42,109553912,8930498,94822,4.6,20140702,25.7
20140701,2050.38,98457408,8349976,105909,5.14,20140701,25.59
20140630,2048.33,96666592,8001116.5,149941,7.28,20140630,25.52
20140627,2036.51,97592016,7671058.5,285272,13.84,20140627,25.2
20140620,2026.67,67167248,5322427,79700,3.87,20140620,27.37
20140619,2023.73,92914280,7462895,117636,5.71,20140619,26.39
20140618,2055.52,87245352,7047293.5,75710,3.67,20140618,26.63
20140617,2066.7,87800480,7092326.5,84449,4.1,20140617,27.6
20140616,2085.98,95939768,7995307.5,121749,5.91,20140616,27.54
20140613,2070.72,97174808,8254697.5,113290,5.5,20140613,27.09
20140612,2051.71,81711184,6930642.5,132412,6.43,20140612,27.12
20140611,2054.95,74444352,6317739,199361,9.67,20140611,26.85
20140610,2052.53,79623712,6540610.5,142801,6.93,20140610,26.39
20140609,2030.5,64788316,5513984.5,36133,1.75,20140609,23.99
20140606,2029.96,66021744,5512424,44525,2.16,20140606,24.61
20140605,2040.88,67949536,5637614.5,50671,2.46,20140605,25.17
20140604,2024.83,72412768,5746755,47439,2.3,20140604,24.78
20140603,2038.31,71584120,5929643.5,61080,2.96,20140603,24.47
20140530,2039.21,75148896,6235364,85705,4.16,20140530,25.42
20140529,2040.59,81242920,6947251,116105,5.63,20140529,25.2
20140528,2050.23,81338648,6860222.5,155144,7.53,20140528,25.85
20140527,2034.56,67577888,5592051.5,78491,3.81,20140527,24.29
20140526,2041.48,70281224,5984043.5,109306,5.3,20140526,24.36
20140523,2034.57,63488068,5146494,113782,5.52,20140523,24.34
20140522,2021.29,74728472,5950166,55165,2.68,20140522,22.13
20140521,2024.95,61811548,4841509.5,36573,1.77,20140521,22.17
20140520,2008.12,61345384,4954901.5,46066,2.24,20140520,21.81
20140519,2005.18,65329440,5297524.5,27138,1.32,20140519,21.22
20140516,2026.5,66353660,5162588.5,49693,2.41,20140516,21.78
20140515,2024.97,75845152,5977344.5,43512,2.11,20140515,20.98
20140514,2047.91,72011128,5645529,17455,0.85,20140514,21.88
20140513,2050.73,97223384,7374172,34829,1.69,20140513,22
20140512,2052.87,115742072,8809701,41768,2.03,20140512,22.38
20140509,2011.14,76224248,5750538,38934,1.89,20140509,21.74
20140508,2015.27,77865392,5952937,68848,3.34,20140508,22.3
20140507,2010.08,74360192,5755805.5,41906,2.03,20140507,21.17
20140506,2028.04,74609416,5754811,48212,2.34,20140506,22.09
20140505,2027.35,79933392,6009349,45243,2.2,20140505,21.85
20140430,2026.36,74528576,5767735.5,41712,2.02,20140430,21.01
20140429,2020.34,76221280,5677648.5,64212,3.12,20140429,20.8
20140428,2003.49,89795264,6854149.5,83071,4.03,20140428,20.82
20140425,2036.52,93042328,7415587.5,42497,2.06,20140425,23.13
20140424,2057.03,78185952,6440753,41665,2.02,20140424,23.71
20140423,2067.38,78531520,6615617,46975,2.28,20140423,24.63
20140422,2072.83,98719880,8246810,56154,2.72,20140422,25.6
20140421,2065.83,96378368,8165455.5,105204,5.11,20140421,25.37
20140418,2097.75,88155696,7255598,80277,3.9,20140418,25.71
20140417,2098.89,89896328,7425703,39586,1.92,20140417,23.37
20140416,2105.12,89361656,7509948,41611,2.02,20140416,23.1
20140415,2101.6,107531152,9113536,26118,1.27,20140415,24.16
20140414,2131.54,102077848,8659172,26273,1.27,20140414,24.67
20140411,2130.54,131768360,11163681,26342,1.28,20140411,24.89
20140410,2134.3,156789600,12984235,53602,2.6,20140410,25.19
20140409,2105.24,105340464,8736678,50435,2.45,20140409,25.01
20140408,2098.28,133370984,10796636,26298,1.28,20140408,23.93
20140404,2058.83,83189056,6636864.5,24008,1.16,20140404,24
20140403,2043.7,108618424,7948090,35919,1.74,20140403,23.94
20140402,2058.99,102658528,7794064,30434,1.48,20140402,23.5
20140401,2047.46,83286576,6451264,39609,1.92,20140401,23.82
20140331,2033.31,94356528,7157369,30504,1.48,20140331,23.05
20140328,2041.71,121681960,9422196,63433,3.08,20140328,23.25
20140327,2046.59,119149376,9499646,87594,4.25,20140327,24.55
20140326,2063.67,102611120,8046344.5,35115,1.7,20140326,27.09
20140325,2067.31,131822232,10017366,21148,1.03,20140325,27
20140324,2066.28,147700080,11024450,40569,1.97,20140324,26.88
20140321,2047.62,144477648,10943807,43804,2.13,20140321,27.9
20140320,1993.48,110333048,8863098,34322,1.67,20140320,27.9
20140319,2021.73,95180800,7947324,46147,2.24,20140319,28.89
20140318,2025.2,96777192,8358045.5,39823,1.93,20140318,30.1
20140317,2023.67,86250376,7201778,30580,1.48,20140317,29.6
20140314,2004.34,87775112,6992589,36327,1.76,20140314,29.41
20140313,2019.11,100978112,7797906,25541,1.24,20140313,28.48
20140312,1997.69,101361712,7929307,30566,1.48,20140312,27.99
20140311,2001.16,92705272,7687033,32519,1.58,20140311,28.8
20140310,1999.06,115696672,9503299,36115,1.75,20140310,29.1
20140307,2057.91,103709544,8933214,47821,2.32,20140307,30.68
20140306,2059.58,109290136,9256145,55839,2.71,20140306,31.13
20140305,2053.08,107733088,9162333,37716,1.83,20140305,30.01
20140304,2071.47,115925792,10111631,46901,2.28,20140304,30.69
20140303,2075.24,127460896,10498060,36622,1.78,20140303,30.31
20140228,2056.3,111637904,9568408,57130,2.77,20140228,29.5
20140227,2047.35,132163848,11287575,73067,3.55,20140227,29
20140226,2041.25,110112688,9611771,83362,4.05,20140226,31.03
20140225,2034.22,140132976,12782383,109176,5.3,20140225,31.4
20140224,2076.69,123555304,10720245,41196,2,20140224,32.11
20140221,2113.69,117662648,9951429,53931,2.62,20140221,31.41
20140220,2138.78,157052272,13093844,63088,3.06,20140220,32.15
20140219,2142.55,151261248,12781845,73456,3.56,20140219,33.5
20140218,2119.07,142869312,12978697,58023,2.82,20140218,32.9
20140217,2135.42,140244432,12621375,67871,3.29,20140217,33.76
20140214,2115.85,111517952,9739967,55914,2.71,20140214,33.19
20140213,2098.4,146532640,12437706,93919,4.56,20140213,32
20140212,2109.96,126333184,11080407,82906,4.02,20140212,34
20140211,2103.67,142211328,12526677,163000,7.91,20140211,33.89
20140210,2086.07,124331840,11272292,115465,5.6,20140210,32.29
20140207,2044.5,73598752,6782992.5,50403,2.45,20140207,31.31
20140130,2033.08,62615184,5826450,59499,2.89,20140130,30.79
20140129,2049.91,73865464,6769412.5,77118,3.74,20140129,31.87
20140128,2038.51,72529048,6575160.5,58911,2.86,20140128,30.47
20140127,2033.3,88815424,8191421.5,122576,5.95,20140127,30.45
20140124,2054.39,92947920,8234618,83822,4.07,20140124,32.28
20140123,2042.18,84210584,7608332.5,108510,5.27,20140123,32.46
20140122,2051.75,98892848,8412666,111998,5.43,20140122,31.72
20140121,2008.31,59844912,5201792,114025,5.53,20140121,31.5
20140120,1991.25,56271248,4829878.5,113842,5.52,20140120,31.73
20140117,2004.95,67305720,5703956.5,63755,3.09,20140117,29.15
20140116,2023.7,72755720,6282976,63810,3.1,20140116,28.42
20140115,2023.35,67436224,5774036,52419,2.54,20140115,29.4
20140114,2026.84,70366616,5668762.5,69775,3.39,20140114,28.91
20140113,2009.56,66544780,5561675,53937,2.62,20140113,27.07
20140110,2013.3,75616120,6104455,102967,5,20140110,26.88
20140109,2027.62,75941880,6760566.5,108994,5.29,20140109,29.68
20140108,2044.34,71647368,6294143,73090,3.55,20140108,28.87
20140107,2047.32,63402936,5463864,81133,3.94,20140107,28.57
20140106,2045.71,89587608,7289540,141940,6.89,20140106,28.91
20140103,2083.14,84497240,7237223,115088,5.58,20140103,30.47
20140102,2109.39,68485480,6192135.5,46660,2.26,20140102,27.7
20131231,2115.98,80474376,7145628.5,57053,2.77,20131231,27.55
20131230,2097.53,74085056,6303894.5,73319,3.56,20131230,27.86
20131227,2101.25,76756832,6639444.5,50709,2.46,20131227,26.3
20131226,2073.1,78541408,6676712,66169,3.21,20131226,26.15
20131225,2106.35,65139096,5813684.5,94984,4.61,20131225,27.04
20131224,2092.91,70251472,6169707,99706,4.84,20131224,26.35
20131223,2089.71,68146640,5843562.5,45590,2.21,20131223,23.95
20131220,2084.79,86775216,7219820,54302,2.64,20131220,24.33
20131219,2127.79,73123480,6149694.5,74813,3.63,20131219,25.05
20131218,2148.28,64173584,5542059.5,69572,3.38,20131218,25.5
20131217,2151.08,78578936,6692160,122826,5.96,20131217,26.63
20131216,2160.86,101387592,8642295,172086,8.35,20131216,28.55
20131213,2196.07,85101008,7263750.5,86830,4.21,20131213,26.32
20131212,2202.8,86108672,7600333,46422,2.25,20131212,23.93
20131211,2204.17,109473144,9438930,79972,3.88,20131211,23.56
20131210,2237.49,109043128,9555630,37086,1.8,20131210,22.9
20131209,2238.2,93273640,8443248,56046,2.72,20131209,22.72
20131206,2237.11,103700928,9225476,29571,1.43,20131206,21.71
20131205,2247.06,122048408,10583731,80209,3.89,20131205,22
20131204,2251.76,157292944,13549794,153675,7.46,20131204,21.47
20131203,2222.67,113506408,10077666,11568,0.56,20131203,22.82
20131202,2207.37,174282000,15193616,7245,0.35,20131202,25.35
20131129,2220.5,106959056,9783402,51636,2.51,20131129,28.17
20131128,2219.37,134456784,11964544,65350,3.17,20131128,27.92
20131127,2201.07,115384416,10216349,57528,2.79,20131127,27.2
20131126,2183.07,100460832,8453664,27962,1.36,20131126,26.07
20131125,2186.11,108282656,9674732,22388,1.09,20131125,25.85
20131122,2196.38,113866456,10245020,31654,1.54,20131122,25.58
20131121,2205.77,137245504,12000500,25636,1.24,20131121,26.66
20131120,2206.61,118961856,10482042,42304,2.05,20131120,27.37
20131119,2193.12,125082304,11594188,94892,4.6,20131119,27.27
20131118,2197.22,157502704,14324623,65148,3.16,20131118,27.28
20131106,2139.61,100487344,8654713,32731,1.59,20131106,24.8
20131105,2157.24,91900024,7796332,24060,1.17,20131105,25.1
20131104,2149.63,76147944,6630600,37008,1.8,20131104,24.48
20131101,2149.56,89118472,7627186,21753,1.06,20131101,24.08
20131031,2141.61,108063016,8863883,32766,1.59,20131031,24.03
20131030,2160.46,119643360,9523375,30544,1.48,20131030,25.94
20131029,2128.86,143092800,11734775,46528,2.26,20131029,26.12
20131028,2133.87,88401328,7788933,27380,1.33,20131028,25.9
20131025,2132.96,113924512,9967170,35014,1.7,20131025,25.2
20131024,2164.32,103008952,9000187,62697,3.04,20131024,25.87
20131023,2183.11,146347088,12578986,52959,2.57,20131023,24.09
20131022,2210.65,149132832,13499487,58991,2.86,20131022,24.72
20131021,2229.24,136694400,12393634,55328,2.68,20131021,26.3
20131018,2193.78,103724624,9081418,41181,2,20131018,25.36
20131017,2188.54,126767944,11313885,58742,2.85,20131017,24.62
20131016,2193.07,154638640,13816550,74370,3.61,20131016,25.2
20131015,2233.41,153722832,13854163,70711,3.43,20131015,27.3
20131014,2237.77,165983392,15162694,44744,2.17,20131014,28.87
20131011,2228.15,156892176,14227194,62653,3.04,20131011,28.42
20131010,2190.93,149775888,13657515,71189,3.45,20131010,29.3
20131009,2211.77,130871736,11796614,128129,6.22,20131009,30.2
20131008,2198.2,126710200,11499202,63031,3.06,20131008,29.57
20130930,2174.67,92810080,8898276,43815,2.13,20130930,26.88
20130927,2160.03,105401784,9781168,33486,1.62,20130927,26.01
20130926,2155.81,140415344,12568036,42040,2.04,20130926,26
20130925,2198.51,160212768,14377999,52473,2.55,20130925,26.66
20130924,2207.53,160415056,14333095,46371,2.25,20130924,26
20130923,2221.04,133174856,12146826,53312,2.59,20130923,26.4
20130918,2191.85,115111888,10133309,40497,1.97,20130918,25.2
20130917,2185.56,154542544,13246043,64165,3.11,20130917,25.48
20130916,2231.4,154884032,13358064,57354,2.78,20130916,24.82
20130913,2236.22,171984224,14060013,61232,2.97,20130913,24.6
20130912,2255.6,209715120,16730058,51622,2.51,20130912,24.05
20130911,2241.27,244349456,19542764,75018,3.64,20130911,23.9
20130910,2237.98,237206656,19108388,66196,3.21,20130910,24.6
20130909,2212.52,219427088,17888174,73572,3.57,20130909,25.82
20130906,2139.99,143260656,11915234,72884,3.54,20130906,27.1
20130905,2122.43,126544104,10577650,86379,4.19,20130905,27.4
20130904,2127.62,142000384,11645742,70822,3.44,20130904,25.94
20130903,2123.11,138893184,11242123,66399,3.22,20130903,25.52
20130902,2098.45,149158528,12108466,70010,3.4,20130902,25.03
20130830,2098.38,170075648,13205568,113748,5.52,20130830,24.5
20130829,2097.23,133268224,10525933,101885,4.94,20130829,25.52
20130828,2101.3,161392032,13223910,109791,5.33,20130828,25.98
20130827,2103.57,126341968,10459162,100790,4.89,20130827,27.3
20130826,2096.47,119932648,9915790,87145,4.23,20130826,26.9
20130823,2057.46,112426352,9457163,105626,5.13,20130823,26.84
20130822,2067.12,90928304,7601837.5,113541,5.51,20130822,26.47
20130821,2072.96,87445992,7286072,119348,5.79,20130821,26.5
20130820,2072.59,107381768,8911793,166788,8.09,20130820,27.55
20130819,2085.6,97446776,8150139,153160,7.43,20130819,25.83
20130816,2068.45,153063328,12312513,238411,11.57,20130816,24.34
20130815,2081.88,99396656,8473566,192013,9.32,20130815,24.66
20130814,2100.14,114437808,9579117,141276,6.86,20130814,24.57
20130813,2106.16,117708872,9643037,123297,5.98,20130813,22.34
20130812,2101.28,135128976,11648971,173020,8.4,20130812,20.31
20130809,2052.24,95316416,8303602,106810,5.18,20130809,19.29
20130808,2044.9,84133288,7195492.5,117790,5.72,20130808,18.83
20130807,2046.78,107712592,9126031,104118,5.05,20130807,18.63
20130806,2060.5,105580976,8869056,123324,5.98,20130806,18.43
20130805,2050.48,85517968,7327709.5,122941,5.97,20130805,18.43
20130802,2029.42,93592768,7890625.5,198687,9.64,20130802,18.44
20130801,2029.07,91256688,7739528,158907,7.71,20130801,17.4
20130731,1993.8,70160608,5939433.5,116879,5.67,20130731,16.74
20130730,1990.06,77219784,6615786.5,244650,11.87,20130730,16.9
20130729,1976.31,78683272,6586698,27897,1.35,20130729,16.93
20130726,2010.85,73800424,6553862,6209,0.3,20130726,15.39
20130524,2288.53,101441208,9202153,66143,3.21,20130524,14.31
20130523,2275.67,124019848,11105205,108993,5.29,20130523,14.07
20130522,2302.4,128360032,11529046,74461,3.61,20130522,13.89
20130521,2305.11,124173176,11302521,66335,3.22,20130521,13.65
20130520,2299.99,139150512,12884353,53363,2.59,20130520,13.55
20130517,2282.87,126126008,11124881,50150,2.43,20130517,13.26
20130516,2251.81,110284384,10225527,30780,1.49,20130516,12.92
20130515,2224.8,71722896,6665826.5,28088,1.36,20130515,12.93
20130514,2217.01,83244976,7566047,31965,1.55,20130514,12.73
20130513,2241.92,86211224,7919148,34415,1.67,20130513,13.15
20130510,2246.83,90335480,8128014,29653,1.44,20130510,13.02
20130509,2232.97,98531632,9116529,48930,2.37,20130509,12.98
20130508,2246.3,90371936,8139084.5,36608,1.78,20130508,13.21
20130507,2235.57,86452360,7904092,43279,2.1,20130507,13.08
20130506,2231.17,92268144,8162560.5,83843,4.07,20130506,13.3
20130503,2205.5,88583464,7831570,54249,2.63,20130503,12.83
20130502,2174.12,68337936,5987761,37459,1.82,20130502,12.71
20130426,2177.91,76673968,6525151,35363,1.72,20130426,12.18
20130425,2199.31,96704184,8448324,38931,1.89,20130425,12.33
20130424,2218.32,91600264,7897721,52127,2.53,20130424,12.48
20130423,2184.54,96541320,8221751.5,21243,1.03,20130423,11.84
20130422,2242.17,95233728,8224500,28369,1.38,20130422,12.33
20130419,2244.64,109660560,9538301,28894,1.4,20130419,12.23
20130418,2197.6,71616928,6188812.5,22930,1.11,20130418,12.08
20130417,2193.8,68314176,5998655.5,32179,1.56,20130417,12.02
20130416,2194.85,79992176,6695584.5,16595,0.81,20130416,11.73
20130415,2181.94,71632320,5816217.5,15073,0.73,20130415,11.47
20130412,2206.78,66846340,5619688,33018,1.6,20130412,11.68
20130411,2219.55,73632704,6213270,68747,3.34,20130411,12.11
20130410,2226.13,80619624,7109021.5,29318,1.42,20130410,12.05
20130409,2225.77,82896544,7313504,35804,1.74,20130409,11.91
20130408,2211.59,86257472,7366616.5,21856,1.06,20130408,11.55
20130403,2225.29,81795264,6880135.5,9838,0.48,20130403,11.16
20130402,2227.74,89714320,7759666.5,16028,0.78,20130402,11.27
20130401,2234.4,77411776,6699753.5,9929,0.48,20130401,11.56
20130329,2236.62,85565472,7335819,9213,0.45,20130329,11.41
20130328,2236.3,127658704,10759351,20726,1.01,20130328,11.42
20130327,2301.26,96331192,8570842,18415,0.89,20130327,12
20130326,2297.67,104449016,9181132,17717,0.86,20130326,11.94
20130325,2326.72,97031528,8541862,18095,0.88,20130325,12.1
20130322,2328.28,101167296,8595132,14652,0.71,20130322,11.9
20130321,2324.24,119200912,10478607,23224,1.13,20130321,11.95
20130320,2317.37,131241288,11397426,23339,1.13,20130320,11.8
20130319,2257.43,87582104,7551207,16935,0.82,20130319,11.46
20130318,2240.02,93122776,8148617.5,22502,1.09,20130318,11.6
20130315,2278.4,116477808,10157810,19329,0.94,20130315,11.59
20130314,2270.28,80294088,6921859,13472,0.65,20130314,11.54
20130313,2263.97,90972784,7768895.5,19693,0.96,20130313,11.47
20130312,2286.6,117664464,10063709,30460,1.48,20130312,11.58
20130311,2310.59,84111904,7391994.5,13805,0.67,20130311,12.2
20130308,2318.61,98794144,8843860,25135,1.22,20130308,12.12
20130307,2324.29,139756352,12608589,44700,2.17,20130307,12.34
20130306,2347.18,141333696,12536480,58347,2.83,20130306,12.8
20130305,2326.31,131136592,11672120,38641,1.88,20130305,12.58
20130304,2273.4,161750032,14304651,60796,2.95,20130304,12.3
20130301,2359.51,120312752,11153111,104242,5.06,20130301,12.8
20130228,2365.59,126950496,11591827,60143,2.92,20130228,12.45
20130227,2313.22,97824888,8826293,27243,1.32,20130227,11.88
20130226,2293.34,117638664,10591719,31348,1.52,20130226,12
20130225,2325.82,88367368,7764234,18351,0.89,20130225,11.78
20130222,2314.16,96981832,8757982,18272,0.89,20130222,11.56
20130221,2325.95,144059472,12662783,26305,1.28,20130221,11.77
20130220,2397.18,110280584,9722230,17230,0.84,20130220,12.1
20130219,2382.91,123473336,10633095,18818,0.91,20130219,11.81
20130218,2421.56,116174992,10365702,30263,1.47,20130218,12.15
20130208,2432.4,109070384,9896523,23055,1.12,20130208,11.9
20130207,2418.53,120008632,10933507,19446,0.94,20130207,11.75
20130206,2434.48,116579960,10458354,23062,1.12,20130206,11.8
20130205,2433.13,150754512,12709611,35161,1.71,20130205,11.83
20130204,2428.15,167551408,15253370,56577,2.75,20130204,12.02
20130201,2419.02,140818176,12555496,101251,4.91,20130201,12.31
20130131,2385.42,139707888,11620504,41845,2.03,20130131,11.79
20130130,2382.48,149878912,12485603,32076,1.56,20130130,11.55
20130129,2358.98,141853936,12491697,26997,1.31,20130129,11.4
20130128,2346.5,128383768,11691637,18883,0.92,20130128,11.27
20130125,2291.3,92605736,8026738.5,18144,0.88,20130125,11.01
20130124,2302.6,161031664,13560434,35898,1.74,20130124,11.11
20130123,2320.91,118179720,9695622,25433,1.23,20130123,11.35
20130122,2315.14,149466576,12337005,42781,2.08,20130122,11.3
20130121,2328.22,134680448,11301606,14055,0.68,20130121,11.29
20130118,2317.07,125438024,10539153,26861,1.3,20130118,11.33
20130117,2284.91,119101840,10321406,48525,2.35,20130117,11.23
20130116,2309.5,153511168,13310770,60774,2.95,20130116,11.73
20130115,2325.68,165645984,14101396,80345,3.9,20130115,11.53
20130114,2311.74,144749888,12361493,34774,1.69,20130114,11.12
20130111,2243,125068280,10155095,19869,0.96,20130111,10.5
20130110,2283.66,120066672,9823640,19234,0.93,20130110,10.86
20130109,2275.34,122014928,10282310,23952,1.16,20130109,10.82
20130108,2276.07,122907872,10642876,27661,1.34,20130108,10.82
20130107,2285.36,118162808,9687287,13265,0.64,20130107,10.65
20130104,2276.99,139469920,11462776,14344,0.7,20130104,10.44
20121231,2269.13,128031408,10554183,19201,0.93,20121231,10.51
20121228,2233.25,115924928,9197015,12384,0.6,20121228,10.35
20121227,2205.9,129023496,10039398,17414,0.85,20121227,10.33
20121226,2219.13,121858632,9715377,16496,0.8,20121226,10.39
20121225,2213.61,143327696,11487396,20848,1.01,20121225,10.32
20121224,2159.05,78469664,6797065,16150,0.78,20121224,10.18
20121221,2153.31,103372872,8457436,14445,0.7,20121221,10.06
20121220,2168.35,99384184,8007349,9064,0.44,20121220,9.98
20121219,2162.24,94391520,7581318.5,11425,0.55,20121219,10
20121218,2162.46,126099464,9902889,14075,0.68,20121218,9.99
20121217,2160.34,144242224,11055670,18888,0.92,20121217,10.04
20121214,2150.62,160873808,11770710,17957,0.87,20121214,9.9
20121213,2061.48,72272320,5217964,6176,0.3,20121213,9.5
20121212,2082.73,78559136,5711514,11469,0.56,20121212,9.6
20121211,2074.7,93370832,6793037,13468,0.65,20121211,9.8
20121210,2083.77,115383224,8146944,11117,0.54,20121210,9.75
20121207,2061.79,115157288,8215897.5,11871,0.58,20121207,9.6
20121206,2029.24,81459224,5845252.5,7716,0.37,20121206,9.41
20121205,2031.91,119973040,8547597,14011,0.68,20121205,9.4
20121204,1975.14,62378124,4305454.5,7354,0.36,20121204,9.02
20121203,1959.77,61653376,4302755.5,6256,0.3,20121203,8.9
20121130,1980.12,56893416,3773910.75,7036,0.34,20121130,9.29
20121129,1963.49,49540084,3317965.75,8050,0.39,20121129,9.15
20121128,1973.52,50505584,3449257.25,8173,0.4,20121128,9.46
20121127,1991.17,56627420,3908918,10710,0.52,20121127,9.69
20121126,2017.46,44779552,3311072.25,5417,0.26,20121126,10.15
20121123,2027.38,51551468,3827837.75,4642,0.23,20121123,10.4
20121122,2015.61,45577844,3372741.5,4986,0.24,20121122,10.34
20121121,2030.32,53282024,3965862.25,7303,0.35,20121121,10.46
20121120,2008.92,42580636,3337296.25,5748,0.28,20121120,10.38
20121119,2016.98,45327016,3609072,7329,0.36,20121119,10.38
20121116,2014.72,49581680,3682129,17938,0.87,20121116,10.45
20121115,2030.29,50556856,3708279.5,14406,0.7,20121115,10.79
20121114,2055.42,48093000,3588369.25,10827,0.53,20121114,10.82
20121113,2047.89,61087292,4460515.5,13206,0.64,20121113,10.92
20121112,2079.27,56694856,4208375.5,8285,0.4,20121112,11.02
20121109,2069.07,54223464,3906535.5,10099,0.49,20121109,10.98
20121108,2071.51,66594560,4927610,12186,0.59,20121108,10.92
20121107,2105.73,59380128,4716378,5660,0.27,20121107,11.1
20121106,2106,71343848,5369800,8462,0.41,20121106,11.12
20121105,2114.03,71538760,5322213.5,8777,0.43,20121105,11.32
20121102,2117.05,76557216,5586988.5,9142,0.44,20121102,11.36
20121101,2104.43,82886672,6260664.5,11687,0.57,20121101,11.3
20121031,2068.88,59527236,4315909,7177,0.35,20121031,11.11
20121030,2062.35,60569092,4276733.5,9483,0.46,20121030,11.08
20121029,2058.94,53635012,3907811,7502,0.36,20121029,10.91
20121026,2066.21,78606432,5424887.5,14652,0.71,20121026,10.92
20121025,2101.58,85393112,5569021.5,16495,0.8,20121025,11.43
20121024,2115.99,72886624,4972809,11351,0.55,20121024,11.38
20121023,2114.45,72683808,5401309,24117,1.17,20121023,11.54
20121022,2132.76,60117224,4753443.5,7196,0.35,20121022,11.41
20121019,2128.3,67641280,5060560,14558,0.71,20121019,11.43
20121018,2131.69,87191088,6571176,13459,0.65,20121018,11.39
20121017,2105.62,59874064,4707059.5,7040,0.34,20121017,11.29
20121016,2098.81,57818440,4724220,7172,0.35,20121016,11.15
20121015,2098.7,53940752,4230863.5,6131,0.3,20121015,11.1
20121012,2104.93,68262976,5143404.5,7241,0.35,20121012,11.24
20121011,2102.87,74497032,5674443.5,12183,0.59,20121011,11.19
20121010,2119.94,78912032,6053157.5,11786,0.57,20121010,11.4
20121009,2115.23,84563792,6752037.5,13932,0.68,20121009,11.29
20121008,2074.42,55131612,4479373.5,7903,0.38,20121008,10.95
20120928,2086.17,79448952,6480232.5,8809,0.43,20120928,11.04
20120927,2056.32,76691456,6033894,9775,0.47,20120927,10.93
20120926,2004.17,50400828,3841506.5,13927,0.68,20120926,10.73
20120925,2029.29,48219408,3844516.25,6379,0.31,20120925,11.23
20120924,2033.19,57637780,4557560,6829,0.33,20120924,11.26
20120921,2026.69,60289456,4769512,10729,0.52,20120921,11.15
20120920,2024.84,67482656,5395907,17802,0.86,20120920,11.37
20120919,2067.83,52243632,4355087.5,12201,0.59,20120919,11.78
20120918,2059.54,53794852,4363238,10231,0.5,20120918,11.65
20120917,2078.5,76392232,6246113.5,24044,1.17,20120917,11.65
20120914,2123.85,91248272,7617940.5,17584,0.85,20120914,12.19
20120913,2110.38,79044968,6459083,13946,0.68,20120913,12.11
20120912,2126.55,84114744,6915740.5,22135,1.07,20120912,12.26
20120911,2120.55,80426640,6576286.5,20294,0.98,20120911,12.22
20120910,2134.89,103580024,8611074,28846,1.4,20120910,12.41
20120907,2127.76,139932624,11113669,37333,1.81,20120907,12.33
20120906,2051.92,56091816,4272854,19225,0.93,20120906,12.08
20120905,2037.68,57649804,4488646.5,34004,1.65,20120905,12
20120904,2043.65,57462184,4757448.5,15637,0.76,20120904,11.62
20120903,2059.15,60635500,4791147.5,15113,0.73,20120903,11.71
20120831,2047.52,46143904,3526978.75,23359,1.13,20120831,11.63
20120830,2052.58,61963792,5076422,24969,1.21,20120830,11.72
20120829,2053.24,52209808,4162214,13382,0.65,20120829,11.43
20120828,2073.15,54422104,4209786.5,12198,0.59,20120828,11.36
20120827,2055.71,60314832,4786325,14828,0.72,20120827,11.2
20120824,2092.1,60178948,4967367.5,18493,0.9,20120824,11.67
20120823,2113.07,58472300,5033240,16409,0.8,20120823,12.05
20120822,2107.71,58441412,4895123,15753,0.76,20120822,11.93
20120821,2118.27,60756504,5147698.5,23349,1.13,20120821,12.05
20120820,2106.96,46717500,3925812.5,10368,0.5,20120820,11.79
20120817,2114.89,44390636,3915748.25,11229,0.54,20120817,11.68
20120816,2112.2,45173008,3898389.25,11590,0.56,20120816,11.61
20120815,2118.95,54609392,4597455.5,11800,0.57,20120815,11.75
20120814,2142.52,67571592,5967695.5,17945,0.87,20120814,11.84
20120813,2136.08,71352320,6309789,22562,1.09,20120813,11.7
20120810,2168.81,68368560,6092904,28243,1.37,20120810,12.14
20120809,2174.1,72529248,6526964.5,26276,1.28,20120809,12.07
20120808,2160.99,72869536,6232484.5,44943,2.18,20120808,12.1
20120807,2157.62,75049800,6193917,38714,1.88,20120807,11.93
20120806,2154.92,71843208,6116242,52209,2.53,20120806,12.03
20120803,2132.8,53371332,4375534,13404,0.65,20120803,11.5
20120802,2111.18,53467540,4178130,11477,0.56,20120802,11.27
20120801,2123.36,53804600,4440756.5,8847,0.43,20120801,11.22
20120731,2103.63,53456096,4347081.5,7959,0.39,20120731,11.06
20120730,2109.91,51992380,4240610.5,8148,0.4,20120730,11.07
20120727,2128.76,52076916,4668022.5,10437,0.51,20120727,11.28
20120726,2126,52884076,4490616.5,13725,0.67,20120726,11.26
20120725,2136.15,48575892,4111239.5,10116,0.49,20120725,11.39
20120724,2146.59,54411284,4665046.5,11416,0.55,20120724,11.56
20120723,2141.4,55677080,4798449.5,11988,0.58,20120723,11.45
20120720,2168.64,64346672,5454996.5,21354,1.04,20120720,11.61
20120719,2184.84,79338048,6835074.5,27570,1.34,20120719,11.64
20120718,2169.1,66552656,5928211.5,16421,0.8,20120718,11.5
20120717,2161.19,55184408,5205062.5,21193,1.03,20120717,11.37
20120716,2147.96,67487680,6271472,17720,0.86,20120716,10.96
20120713,2185.9,57546840,5611476.5,13583,0.66,20120713,11.54
20120712,2185.49,82133760,7962736,17610,0.85,20120712,11.69
20120711,2175.38,58614472,5341303,12015,0.58,20120711,11.47
20120710,2164.44,58993972,5322556,16551,0.8,20120710,11.34
20120709,2170.81,75111472,6931322.5,17047,0.83,20120709,11.58
20120706,2223.58,76557920,7076641,18916,0.92,20120706,11.92
20120705,2201.35,57967932,5208815,23632,1.15,20120705,11.6
20120704,2227.31,55273656,5236738,16820,0.82,20120704,12.33
20120703,2229.19,62703024,6044103.5,19731,0.96,20120703,12.49
20120702,2226.11,62196208,6063896,22276,1.08,20120702,12.48
20120629,2225.43,61441884,5596466,15063,0.73,20120629,12.25
20120628,2195.84,54182184,5029974.5,17743,0.86,20120628,12
20120627,2216.93,51049128,4522031.5,15503,0.75,20120627,12.22
20120626,2222.07,52940800,4728140,19457,0.94,20120626,12.56
20120625,2224.11,59768948,5480934,32932,1.6,20120625,12.47
20120621,2260.88,58992012,5469686,42357,2.06,20120621,13.05
20120620,2292.88,54103956,5056812,42043,2.04,20120620,13.78
20120619,2300.79,60135904,5786960.5,23540,1.14,20120619,13.56
20120618,2316.05,60594620,6030940,30167,1.46,20120618,13.75
20120615,2306.85,68687584,6785591.5,29370,1.43,20120615,13.59
20120614,2295.95,71633720,6892875,48464,2.35,20120614,13.48
20120613,2318.92,78454352,7394558,28521,1.38,20120613,13.5
20120612,2289.79,59941980,5529859,22691,1.1,20120612,13.23
20120611,2305.86,64197964,6017722,45982,2.23,20120611,13.58
20120608,2281.45,67924640,6375591,70246,3.41,20120608,13.28
20120607,2293.13,60232048,5964640,108227,5.25,20120607,13.95
20120606,2309.55,58532028,5856208,88670,4.3,20120606,13.81
20120605,2311.92,66078524,6409974,93899,4.56,20120605,14.39
20120604,2308.55,90179352,8690330,80693,3.92,20120604,13.89
20120601,2373.44,77021920,7707814.5,60293,2.93,20120601,13.99
20120531,2372.23,77890224,7538346.5,67132,3.26,20120531,13.92
20120530,2384.67,89809800,8482840,23408,1.14,20120530,13.48
20120529,2389.64,117157728,11136365,32328,1.57,20120529,13.46
20120528,2361.37,94962104,8673589,34766,1.69,20120528,13.24
20120525,2333.55,74019248,6802455,31918,1.55,20120525,13.33
20120524,2350.97,79206808,7684060,61453,2.98,20120524,13.78
20120523,2363.44,84216584,8488666,23833,1.16,20120523,13.28
20120522,2373.31,76779784,7537452.5,27967,1.36,20120522,13.42
20120521,2348.3,74840344,7005296,21966,1.07,20120521,13.15
20120518,2344.52,89689416,7895644.5,40649,1.97,20120518,13.04
20120517,2378.89,86870024,8145844,29178,1.42,20120517,13.52
20120516,2346.19,76733832,7418172,41981,2.04,20120516,13.32
20120515,2374.84,77922920,7733473.5,44510,2.16,20120515,13.67
20120514,2380.73,90526344,8936434,62285,3.02,20120514,13.93
20120511,2394.98,74863992,7581575.5,82523,4,20120511,13.86
20120510,2410.23,81698472,8105486,92381,4.48,20120510,14.43
20120509,2408.59,97902216,9952122,197746,9.6,20120509,14.62
20120508,2448.88,104855544,10496966,48190,2.34,20120508,13.69
20120507,2451.95,108830104,11139500,67784,3.29,20120507,14.04
20120504,2452.01,102204864,10237830,68134,3.31,20120504,13.93
20120503,2440.08,102248488,10218584,46683,2.27,20120503,13.69
20120502,2438.44,128006008,12397525,41966,2.04,20120502,13.39
20120426,2404.7,115529584,10482323,56667,2.75,20120426,13.3
20120425,2406.81,130972864,11307008,80861,3.92,20120425,13.74
20120424,2388.83,133722360,11749469,100138,4.86,20120424,13.66
20120423,2388.59,122907552,10941243,82298,3.99,20120423,14.11
20120420,2406.86,115522056,10177211,135724,6.59,20120420,14.32
20120419,2378.63,94272416,8996092,177283,8.6,20120419,14.04
20120418,2380.85,108612544,9312304,88841,4.31,20120418,13.92
20120417,2334.99,84688448,7247071.5,68572,3.33,20120417,12.65
20120416,2357.03,85322680,7375283,89336,4.34,20120416,13.42
20120413,2359.16,98774416,9232143,111949,5.43,20120413,13.4
20120412,2350.86,97687888,8731582,102036,4.95,20120412,13.15
20120411,2308.93,75130072,6751650,54239,2.63,20120411,12.85
20120410,2305.86,67345528,6313396,65864,3.2,20120410,12.94
20120409,2285.78,59760640,5512972.5,75539,3.67,20120409,12.71
20120406,2306.55,72136520,6886335.5,108560,5.27,20120406,13.07
20120405,2302.24,80101456,7460234,83013,4.03,20120405,12.73
20120330,2262.79,62024144,5596203,104363,5.06,20120330,12.52
20120329,2252.16,74248088,6801809.5,105381,5.11,20120329,12.29
20120328,2284.88,83645280,7823114,47417,2.3,20120328,11.42
20120327,2347.18,60881116,6515997,16454,0.8,20120327,11.71
20120326,2350.6,55427732,5405183,16224,0.79,20120326,11.6
20120323,2349.54,76862144,7413871.5,17399,0.84,20120323,11.87
20120322,2375.77,79348880,7690087,20692,1,20120322,12
20120321,2378.2,95686536,9494964,19431,0.94,20120321,11.99
20120320,2376.84,97903936,9462092,28746,1.39,20120320,11.98
20120319,2410.18,102153496,10298166,24922,1.21,20120319,12.13
20120316,2404.74,103675616,10240600,25018,1.21,20120316,12.02
20120315,2373.77,120025496,11226087,37566,1.82,20120315,11.73
20120314,2391.23,179786032,17073664,64053,3.11,20120314,12.14
20120313,2455.79,104649704,10257693,68989,3.35,20120313,12.98
20120312,2434.86,106223064,10815811,27011,1.31,20120312,12.59
20120309,2439.46,100624056,10041148,33288,1.62,20120309,12.63
20120308,2420.28,96782128,9341083,39470,1.92,20120308,12.55
20120307,2394.79,94790632,9173068,23891,1.16,20120307,12.25
20120306,2410.45,103709008,10067434,22859,1.11,20120306,12.31
20120305,2445,112693328,10760437,29255,1.42,20120305,12.38
20120302,2460.69,103228376,9645387,21656,1.05,20120302,12.38
20120301,2426.11,75083288,7106788.5,24002,1.16,20120301,12.2
20120229,2428.49,95536944,9190838,25332,1.23,20120229,12.05
20120228,2451.86,118361992,10700029,38294,1.86,20120228,12.21
20120227,2447.06,158073248,14468560,58080,2.82,20120227,12.5
20120224,2439.63,134903248,12155021,41569,2.02,20120224,12.4
20120223,2409.55,112553592,10546968,53682,2.6,20120223,12.29
20120222,2403.59,118684272,10909224,62424,3.03,20120222,12.5
20120221,2381.43,79348672,7453852.5,56395,2.74,20120221,12.44
20120220,2363.6,88911584,8230695,94846,4.6,20120220,12.25
20120217,2357.18,71924840,6512170,54875,2.66,20120217,12.15
20120216,2356.86,95051168,8375845,47986,2.33,20120216,11.92
20120215,2366.7,98861024,8763287,49713,2.41,20120215,11.87
20120214,2344.77,73130416,6629493.5,30846,1.5,20120214,11.6
20120213,2351.85,86263584,7771539,53526,2.6,20120213,11.75
20120210,2351.98,96501616,8222246.5,35817,1.74,20120210,11.45
20120209,2349.59,98032320,8965870,50341,2.44,20120209,11.47
20120208,2347.53,87114528,8088569.5,38642,1.88,20120208,11.48
20120207,2291.9,67326904,5809108,28765,1.4,20120207,11.16
20120206,2331.14,75734480,6730563,43467,2.11,20120206,11.38
20120203,2330.41,78943696,7024934,51151,2.48,20120203,11.45
20120202,2312.56,63471872,5768236,55667,2.7,20120202,11.5
20120201,2268.08,53553812,4855497,35391,1.72,20120201,10.92
20120131,2292.61,48738324,4377752,20149,0.98,20120131,10.94
20120130,2285.04,58413684,5186846,32411,1.57,20120130,10.84
20120120,2319.12,69922752,6290641.5,17517,0.85,20120120,10.79
20120119,2296.07,72498864,6388673.5,20823,1.01,20120119,10.64
20120118,2266.38,89940416,8065523.5,35658,1.73,20120118,10.55
20120117,2298.38,87803552,7740684.5,32223,1.56,20120117,10.94
20120116,2206.19,45859524,4288479,24700,1.2,20120116,10.22
20120113,2244.58,71474328,6403002.5,63684,3.09,20120113,10.5
20120112,2275.01,71569992,6394588,67349,3.27,20120112,11.29
20120111,2276.05,84441776,7426470.5,87832,4.26,20120111,11.32
20120110,2285.74,109585416,9104590,79134,3.84,20120110,11.08
20120109,2225.89,76759840,6213296.5,65107,3.16,20120109,10.72
20120106,2163.4,50583056,3946587,64304,3.12,20120106,10.24
20120105,2148.45,58743444,4660396.5,88987,4.32,20120105,10.55
20120104,2169.39,49245536,4063291.75,74457,3.61,20120104,11.72
20111230,2199.42,51943840,4269883.5,94481,4.58,20111230,12.02
20111229,2173.56,44749200,3598966,120743,5.86,20111229,12.2
20111228,2170.01,49633432,4000734.5,123686,6,20111228,11.8
20111227,2166.21,45712180,3740000.25,213026,10.34,20111227,12.8
20111226,2190.11,43613664,3640333,23829,1.16,20111226,12.17
20111223,2204.78,52421324,4347878,17985,0.87,20111223,11.06
20111222,2186.3,58986116,4802342,26550,1.29,20111222,10.72
20111221,2191.15,50877260,4612553,21407,1.04,20111221,10.9
20111220,2215.93,52761112,4656437,13521,0.66,20111220,10.96
20111219,2218.24,57818464,4971768,28395,1.38,20111219,11.17
20111216,2224.84,57265904,5056896.5,23877,1.16,20111216,10.68
20111215,2180.9,56712188,4730513,25902,1.26,20111215,10.2
20111214,2228.52,44079820,3862118,11176,0.54,20111214,10.19
20111213,2248.59,58627476,5159332.5,18704,0.91,20111213,10.58
20111212,2291.54,39632580,3651606,5286,0.26,20111212,11.43
20111209,2315.27,39988560,3888519.5,7708,0.37,20111209,11.45
20111208,2329.82,51473520,4921949.5,12128,0.59,20111208,11.63
20111207,2332.73,41570308,3976746.5,6580,0.32,20111207,11.48
20111206,2325.91,45917076,4262559.5,7475,0.36,20111206,11.48
20111205,2333.23,52214968,4864121.5,8840,0.43,20111205,11.43
20111202,2360.66,59868848,5732015.5,11505,0.56,20111202,11.65
20111201,2386.86,98650048,9520052,20562,1,20111201,11.98
20111130,2333.41,76611104,7221526.5,22607,1.1,20111130,11.63
20111129,2412.39,55123188,5706888.5,10141,0.49,20111129,12.53
20111128,2383.03,46064664,4641483,7602,0.37,20111128,12.38
20111125,2380.22,45362548,4624620.5,12148,0.59,20111125,12.2
20111124,2397.55,52154148,5141110,17401,0.84,20111124,12.56
20111123,2395.06,50547852,5004336,11824,0.57,20111123,12.46
20111122,2412.62,51443232,5068958.5,12886,0.63,20111122,12.69
20111121,2415.13,50170368,4951111,13582,0.66,20111121,12.67
20111118,2416.56,72180808,7056657,22925,1.11,20111118,12.51
20111117,2463.05,66414284,6590270.5,22450,1.09,20111117,13.17
20111116,2466.96,93382112,9239696,47727,2.32,20111116,13.17
20111115,2529.76,79227752,8049734.5,28688,1.39,20111115,13.43
20111114,2528.71,81229816,8252378.5,27155,1.32,20111114,13.35
20111111,2481.08,66137668,6500513.5,24096,1.17,20111111,13.1
20111110,2479.54,87111088,8546386,48768,2.37,20111110,13.23
20111109,2524.92,78208576,7814160.5,31512,1.53,20111109,13.26
20111108,2503.84,78672656,7691404,31995,1.55,20111108,13
20111107,2509.8,78867176,7889350.5,33129,1.61,20111107,12.93
20111104,2528.29,101873672,9998118,45292,2.2,20111104,13.3
20111103,2508.09,136576320,13630561,87603,4.25,20111103,13.33
20111102,2504.11,105468200,10208276,75528,3.66,20111102,13.2
20111101,2470.02,88892416,8505278,25463,1.24,20111101,12.45
20111031,2468.25,84172568,8178345,30157,1.46,20111031,12.62
20111028,2473.41,110032720,10418669,52536,2.55,20111028,12.6
20111027,2435.61,82408960,7509856.5,80376,3.9,20111027,12.55
20111019,2377.51,58534636,5317351.5,13483,0.65,20111019,11.99
20111018,2383.49,79525744,6933890.5,19895,0.97,20111018,11.86
20111017,2440.4,58267684,5770452,13384,0.65,20111017,12.17
20111014,2431.38,60673164,5827606.5,13435,0.65,20111014,12.17
20111013,2438.79,87860104,8219231,17748,0.86,20111013,12.14
20111012,2420,91508576,8443839,13557,0.66,20111012,11.78
20111011,2348.52,63975808,6277351.5,8288,0.4,20111011,11.33
20111010,2344.79,41745304,3992641.25,8700,0.42,20111010,11.42
20110930,2359.22,48818372,4610461,14556,0.71,20110930,11.41
20110929,2365.34,59191240,5702145,24238,1.18,20110929,11.36
20110928,2392.06,55758448,5572088,18574,0.9,20110928,12.23
20110927,2415.05,55231432,5531510.5,19467,0.94,20110927,12.63
20110926,2393.18,57425044,5891592.5,17284,0.84,20110926,12.37
20110923,2433.16,67302688,6794719.5,22381,1.09,20110923,12.5
20110922,2443.06,74695408,7489129,23170,1.12,20110922,12.28
20110921,2512.96,86689280,8818804,33910,1.65,20110921,12.85
20110920,2447.75,46265892,4795637.5,31634,1.54,20110920,12.56
20110919,2437.79,48746824,4859966.5,22516,1.09,20110919,12.18
20110916,2482.34,47986852,4958487,10132,0.49,20110916,12.1
20110915,2479.05,56003688,5586090.5,11436,0.55,20110915,12.06
20110914,2484.83,54065976,5476165,8611,0.42,20110914,11.99
20110913,2471.3,49930920,5185170,5497,0.27,20110913,11.71
20110909,2497.75,51253380,5353516,5645,0.27,20110909,11.86
20110908,2498.94,55271952,6004684.5,7508,0.36,20110908,11.82
20110907,2516.09,59665860,6195147,7816,0.38,20110907,11.93
20110906,2470.52,49223172,5014033,6976,0.34,20110906,11.65
20110905,2478.74,55031064,5640227.5,9164,0.44,20110905,11.6
20110902,2528.28,54436584,5596902,9781,0.47,20110902,12
20110901,2556.04,57290928,5988156,9307,0.45,20110901,12.27
20110831,2567.34,59169720,6223626.5,12106,0.59,20110831,12.23
20110830,2566.59,75910688,7954181.5,13625,0.66,20110830,12.47
20110829,2576.41,73696096,7840674.5,12010,0.58,20110829,12.48
20110826,2612.19,77850448,8150334,14565,0.71,20110826,12.69
20110825,2615.26,104537976,10457030,18941,0.92,20110825,12.71
20110824,2541.09,65462468,7069069.5,14694,0.71,20110824,12.39
20110823,2554.02,60944196,6321070,12257,0.59,20110823,12.45
20110822,2515.86,61214428,6552454.5,12120,0.59,20110822,12.13
20110819,2534.36,70606800,7377190,15184,0.74,20110819,12.18
20110818,2559.47,70989280,7608795,16678,0.81,20110818,12.37
20110817,2601.26,70109152,7220059.5,11526,0.56,20110817,12.43
20110816,2608.17,85226856,9024792,17315,0.84,20110816,12.47
20110815,2626.77,88676840,9099735,19344,0.94,20110815,12.6
20110812,2593.17,97171208,10003476,37156,1.8,20110812,12.49
20110811,2581.51,95597264,10008914,21885,1.06,20110811,12.13
20110810,2549.18,100369344,10403833,25041,1.22,20110810,11.96
20110809,2526.07,103723888,10774508,25699,1.25,20110809,11.68
20110808,2526.82,110302496,11755055,26375,1.28,20110808,12.01
20110805,2626.42,78571832,8777776,15687,0.76,20110805,13.12
20110804,2684.04,58872112,6933864.5,9449,0.46,20110804,13.63
20110803,2678.49,63981608,7338101,10979,0.53,20110803,13.57
20110802,2679.26,69993184,7799411.5,14363,0.7,20110802,13.43
20110801,2703.78,59000708,6607399.5,11440,0.56,20110801,13.71
20110729,2701.73,75471656,8378476,13422,0.65,20110729,13.72
20110728,2708.78,78474912,9045181,11332,0.55,20110728,13.69
20110727,2723.49,80407784,9208236,15035,0.73,20110727,13.8
20110726,2703.03,72881456,7948293.5,15674,0.76,20110726,13.66
20110725,2688.75,111242248,12085644,34185,1.66,20110725,13.76
20110722,2770.79,70211832,8249834.5,51895,2.52,20110722,14.61
20110721,2765.89,81760584,9576951,15053,0.73,20110721,14.06
20110720,2794.21,84030616,9967774,18579,0.9,20110720,14.34
20110719,2796.98,92740888,11012039,22900,1.11,20110719,14.31
20110718,2816.69,108108624,12958132,49162,2.39,20110718,14.57
20110715,2820.17,107470056,12772032,26260,1.27,20110715,14.43
20110714,2810.44,104502080,12564883,25895,1.26,20110714,14.25
20110713,2795.48,91929128,10769596,19010,0.92,20110713,14.09
20110712,2754.58,96674480,11153524,17714,0.86,20110712,13.82
20110711,2802.69,86063592,10144208,21334,1.04,20110711,14.13
20110708,2797.77,86211608,10276506,17330,0.84,20110708,14.12
20110707,2794.27,116512144,14006511,23075,1.12,20110707,14.07
20110706,2810.48,103104392,12208888,18157,0.88,20110706,14.18
20110705,2816.35,110124224,12865452,20408,0.99,20110705,14.22
20110704,2812.82,121962264,14381865,20654,1,20110704,14.15
20110701,2759.36,92072880,10545323,13514,0.66,20110701,13.81
20110630,2762.08,90967120,10303747,17250,0.84,20110630,13.85
20110628,2759.2,88277456,10404574,17359,0.84,20110628,13.81
20110627,2758.23,101601016,11616911,19527,0.95,20110627,13.76
20110624,2746.21,125773632,14264618,25364,1.23,20110624,13.69
20110623,2688.25,73772688,8245484.5,15698,0.76,20110623,13.35
20110622,2649.32,58313800,6461459.5,9665,0.47,20110622,13.15
20110621,2646.48,64821872,7328799,11488,0.56,20110621,13.24
20110620,2621.25,60059864,6521074.5,14009,0.68,20110620,12.99
20110617,2642.82,64442636,7438955.5,15305,0.74,20110617,13.09
20110616,2664.28,70927872,7658447,16982,0.82,20110616,13.21
20110615,2705.43,74856944,8543329,11529,0.56,20110615,13.79
20110614,2730.04,83097512,9520269,13147,0.64,20110614,13.87
20110613,2700.38,63069460,7316850.5,10217,0.5,20110613,13.68
20110610,2705.14,73400296,8317062.5,27733,1.35,20110610,13.79
20110609,2703.34,83469264,9512811,28152,1.37,20110609,14.06
20110608,2750.29,74294664,8750387,33374,1.62,20110608,14.41
20110607,2744.3,65021292,7914438,19737,0.96,20110607,14.54
20110603,2728.02,67983944,7827370,28454,1.38,20110603,14.5
20110602,2705.18,86021160,9427893,21848,1.06,20110602,14.08
20110601,2743.57,68555496,7762494.5,20535,1,20110601,14.07
20110531,2743.47,67900384,7779711.5,17080,0.83,20110531,13.89
20110530,2706.36,65174388,7111681,19961,0.97,20110530,13.53
20110527,2709.95,82521056,9190156,20702,1,20110527,13.99
20110526,2736.53,78741312,9259493,18637,0.9,20110526,14.3
20110525,2741.74,74406536,8623639,16292,0.79,20110525,14.47
20110524,2767.06,74852896,8884217,24068,1.17,20110524,14.45
20110523,2774.57,98622048,11143841,27809,1.35,20110523,14.79
20110520,2858.46,70743784,8400322,16610,0.81,20110520,15.5
20110519,2859.57,76994536,9120506,27997,1.36,20110519,15.61
20110518,2872.77,76826976,9032833,39128,1.9,20110518,16
20110517,2852.77,94819848,10979883,34103,1.65,20110517,15.73
20110516,2849.07,84648256,9578625,37270,1.81,20110516,15.62
20110513,2871.03,93238816,10390598,19920,0.97,20110513,15.37
20110512,2844.08,100240960,11420449,29788,1.45,20110512,15.1
20110511,2883.42,92477120,10710638,39425,1.91,20110511,15.63
20110510,2890.63,81297176,9605671,17297,0.84,20110510,15.48
20110509,2872.46,81576160,9400638,21151,1.03,20110509,15.53
20110506,2863.89,91063912,10518101,24577,1.19,20110506,15.31
20110505,2872.4,91084432,9881224,27736,1.35,20110505,15.39
20110504,2866.02,111481128,12535570,22140,1.07,20110504,15.07
20110503,2932.19,96402720,10270898,22167,1.08,20110503,15.58
20110429,2911.51,87534256,9322153,16638,0.81,20110429,15.28
20110428,2887.04,105230880,11579014,25323,1.23,20110428,15.03
20110427,2925.41,105492480,11484113,23593,1.14,20110427,15.33
20110426,2938.98,95154824,11245114,31350,1.52,20110426,15.38
20110425,2964.95,117316616,14050437,50236,2.44,20110425,15.8
20110422,3010.52,118525616,13740693,42044,2.04,20110422,16.82
20110421,3026.67,121510664,14738702,54115,2.63,20110421,17.26
20110420,3007.04,119741656,14379758,49023,2.38,20110420,17.16
20110419,2999.04,141896400,16612788,37204,1.81,20110419,16.81
20110418,3057.33,137488736,16081220,26242,1.27,20110418,16.73
20110415,3050.53,128530984,14868383,43197,2.1,20110415,16.7
20110414,3042.64,129487104,14864767,35919,1.74,20110414,17.1
20110413,3050.4,128202656,14737854,45878,2.23,20110413,16.95
20110412,3021.37,145990544,16560248,75445,3.66,20110412,17.23
20110411,3022.75,147189568,18275128,69176,3.36,20110411,17.45
20110408,3030.02,114337792,14712204,68430,3.32,20110408,17.38
20110407,3007.91,124734584,15294172,73028,3.54,20110407,17.33
20110406,3001.36,141650624,17648780,94912,4.61,20110406,17.56
20110401,2967.41,99844096,12571920,29541,1.43,20110401,16.2
20110331,2928.11,108935608,13440818,32726,1.59,20110331,15.89
20110330,2955.77,126493552,15254718,29767,1.44,20110330,16.01
20110329,2958.08,168543248,19960076,73767,3.58,20110329,16.04
20110328,2984,156016880,19633510,48041,2.33,20110328,16.95
20110325,2977.81,136396368,17113688,34366,1.67,20110325,16.82
20110324,2946.71,108955976,13726600,34244,1.66,20110324,16.78
20110323,2948.48,112603472,13831853,35037,1.7,20110323,16.79
20110322,2919.14,95117456,12019061,31299,1.52,20110322,16.62
20110321,2909.14,96760280,12240513,31434,1.53,20110321,16.65
20110318,2906.89,100637336,12748719,37402,1.81,20110318,16.6
20110317,2897.3,137797824,17058582,78652,3.82,20110317,16.51
20110316,2930.8,130777240,16581191,101043,4.9,20110316,17.38
20110315,2896.26,154951952,18764602,149586,7.26,20110315,17.62
20110314,2937.63,116910624,15252600,101287,4.91,20110314,18
20110311,2933.8,115994480,15265266,127821,6.2,20110311,17.56
20110310,2957.14,123799888,16646613,98733,4.79,20110310,17.45
20110309,3002.15,124790736,16531777,99197,4.81,20110309,17.51
20110308,2999.94,126681152,16865678,110332,5.35,20110308,17.45
20110307,2996.21,160105888,20791076,74356,3.61,20110307,17.03
20110304,2942.31,118277240,14449122,60384,2.93,20110304,16.98
20110303,2902.98,150488880,17769688,93890,4.56,20110303,16.78
20110302,2913.81,133442264,16543929,123759,6.01,20110302,17.69
20110301,2918.92,136555056,17222892,105130,5.1,20110301,17.23
20110228,2905.05,118705768,14833707,155540,7.55,20110228,17.61
20110225,2878.56,100094032,12424694,134049,6.5,20110225,17.24
20110224,2878.6,109772584,13732171,114288,5.55,20110224,16.86
20110223,2862.63,111083056,13763122,187897,9.12,20110223,17.21
20110222,2855.52,153004624,19178156,150999,7.33,20110222,16.8
20110221,2932.25,118855888,14622307,171657,8.33,20110221,17.1
20110218,2899.79,113775464,14202677,215001,10.43,20110218,16.78
20110217,2926.96,130415496,16904762,172727,8.38,20110217,17.98
20110216,2923.9,127805696,16006765,197604,9.59,20110216,18
20110215,2899.24,152449888,18733386,263474,12.79,20110215,18.2
20110214,2899.13,154242976,17979762,332679,16.14,20110214,18.03
20110210,2818.16,97919768,11714864,99917,4.85,20110210,17.31
20110209,2774.06,87257784,10483925,41167,2,20110209,15.74
20110201,2798.96,73350096,9009397,46498,2.26,20110201,14.31
20110131,2790.69,91502816,10684149,36401,1.77,20110131,13.93
20110128,2752.75,85427992,9848028,38059,1.85,20110128,13.9
20110127,2749.15,105569168,11524705,67384,3.27,20110127,14.05
20110126,2708.81,60750900,6729541.5,57418,2.79,20110126,13.97
20110125,2677.43,69481408,7557824.5,13847,0.67,20110125,12.7
20110124,2695.72,87920800,9619110,17918,0.87,20110124,12.8
20110121,2715.29,95639040,10284343,16755,0.81,20110121,12.72
20110120,2677.65,86047192,9585032,22631,1.1,20110120,12.58
20110119,2758.1,78493168,8994362,13989,0.68,20110119,13.35
20110118,2708.98,60377276,6773847,9440,0.46,20110118,13.2
20110117,2706.66,92519120,10484917,21278,1.03,20110117,13.09
20110114,2791.34,76753880,9064471,14719,0.71,20110114,13.65
20110113,2827.71,74886264,8793091,19176,0.93,20110113,14.07
20110112,2821.3,79246112,8809303,14432,0.7,20110112,13.91
20110111,2804.05,80553776,9448483,18562,0.9,20110111,13.82
20110110,2791.81,90780880,11079678,28653,1.39,20110110,13.94
20110107,2838.8,113129568,13716350,28182,1.37,20110107,14.58
20110106,2824.2,84705616,11325159,26016,1.26,20110106,14.42
20110105,2838.59,104415280,13526480,28499,1.38,20110105,14.69
20110104,2852.65,110072792,14565982,33878,1.64,20110104,14.72
20101231,2808.08,83350216,10844175,20797,1.01,20101231,14.69
20101230,2759.57,73172048,8605671,18554,0.9,20101230,14.52
20101229,2751.53,63941280,7620288.5,17169,0.83,20101229,14.49
20101228,2732.99,84332632,9699063,36048,1.75,20101228,14.2
20101227,2781.4,97807280,12339015,39669,1.92,20101227,14.83
20101224,2835.16,81216848,9588675,44348,2.15,20101224,15.58
20101223,2855.22,89002488,10937294,65011,3.15,20101223,16.36
20101222,2877.9,98325552,12606740,46163,2.24,20101222,16.3
20101221,2904.11,106825624,13646537,25134,1.22,20101221,16.08
20101220,2852.92,113755496,14660541,40869,1.98,20101220,15.88
20101217,2893.74,73677136,9385709,27918,1.35,20101217,16.27
20101216,2898.14,87606312,10977006,32756,1.59,20101216,16.26
20101215,2911.41,109462488,14337019,43330,2.1,20101215,16.28
20101214,2927.08,120944936,15296733,44337,2.15,20101214,16.36
20101213,2922.95,128878472,15994959,44827,2.18,20101213,16.21
20101210,2841.04,80496104,9820307,27023,1.31,20101210,15.77
20101209,2810.95,94622560,10874783,33317,1.62,20101209,15.65
20101208,2848.55,86707376,11022718,26066,1.26,20101208,15.74
20101207,2875.86,86785496,11126670,30448,1.48,20101207,15.83
20101206,2857.18,89773056,11083235,30273,1.47,20101206,15.41
20101203,2842.43,83521008,10592690,26082,1.27,20101203,15.84
20101202,2843.61,104195760,13221637,41709,2.02,20101202,15.78
20101201,2823.45,81263296,10425789,26240,1.27,20101201,15.71
20101130,2820.18,139324864,17308502,72200,3.5,20101130,15.75
20101129,2866.36,102452544,13397091,55154,2.68,20101129,16.55
20101126,2871.7,110866184,14356393,76120,3.69,20101126,16.88
20101125,2898.26,131608456,16718548,133998,6.5,20101125,16.8
20101124,2859.94,116156240,14788164,97487,4.73,20101124,16.78
20101123,2828.28,116311952,14507950,59475,2.89,20101123,16.33
20101122,2884.37,127117712,16268549,98787,4.79,20101122,16.2
20101119,2888.57,123778456,15577507,52686,2.56,20101119,15.69
20101118,2865.45,102226184,12777055,32422,1.57,20101118,15.12
20101117,2838.86,123780256,15870199,41913,2.03,20101117,14.7
20101116,2894.54,171089376,22167420,66156,3.21,20101116,15.36
20101115,3014.41,153152448,19709410,100376,4.87,20101115,16.28
20101112,2985.44,233084944,29840592,76516,3.71,20101112,15.01
20101111,3147.74,210274736,28698444,68567,3.33,20101111,16.13
20101110,3115.36,185052432,24897432,61730,3,20101110,16.58
20101109,3135,192455744,24808938,84250,4.09,20101109,16.95
20101108,3159.51,205417968,25924202,75533,3.67,20101108,16.74
20101105,3129.5,211955792,27317840,100815,4.89,20101105,16.47
20101104,3086.94,176857088,22810308,109002,5.29,20101104,16.63
20101103,3030.99,189848016,24396788,73323,3.56,20101103,15.56
20101102,3045.43,224947280,30650948,100921,4.9,20101102,16.05
20101101,3054.02,186243168,25104718,127920,6.21,20101101,16.6
20101029,2978.83,147109760,19456040,100032,4.85,20101029,16.17
20101028,2992.58,143537936,18568118,44599,2.16,20101028,15.42
20101027,2997.05,176268288,23010530,85524,4.15,20101027,15.4
20101026,3041.54,198778896,26036192,95205,4.62,20101026,16.11
20101025,3051.42,192114240,25171140,135072,6.55,20101025,15.98
20101022,2975.04,147079888,19490156,101103,4.91,20101022,15.75
20101021,2983.53,161436144,20507304,118718,5.76,20101021,15.46
20101020,3003.95,207804416,26206486,195132,9.47,20101020,15.45
20101019,3001.85,170667824,19962828,117728,5.71,20101019,15.17
20101018,2955.23,263316928,30123108,75396,3.66,20101018,13.79
20101015,2971.16,236568560,27295078,63517,3.08,20101015,14.41
20101014,2879.64,229461712,26468246,93304,4.53,20101014,14.38
20101013,2861.36,185281680,22838540,61112,2.97,20101013,14.51
20101012,2841.41,167428336,21178746,48936,2.37,20101012,14.32
